trunc_time,close_price,ma_5,Predictions,Stock,Model,Method
2016-01-04,12600,12600.0,,STB,DIY,MV
2016-01-05,12300,12450.0,,STB,DIY,MV
2016-01-06,12800,12625.0,,STB,DIY,MV
2016-01-07,12600,12612.5,,STB,DIY,MV
2016-01-08,12600,12606.25,,STB,DIY,MV
2016-01-11,12300,12453.125,,STB,DIY,MV
2016-01-12,12500,12476.5625,,STB,DIY,MV
2016-01-13,12400,12438.28125,,STB,DIY,MV
2016-01-14,11900,12169.140625,,STB,DIY,MV
2016-01-15,11100,11634.5703125,,STB,DIY,MV
2016-01-18,10700,11167.28515625,,STB,DIY,MV
2016-01-19,11200,11183.642578125,,STB,DIY,MV
2016-01-20,10900,11041.8212890625,,STB,DIY,MV
2016-01-21,10600,10820.91064453125,,STB,DIY,MV
2016-01-22,10900,10860.455322265625,,STB,DIY,MV
2016-01-25,11600,11230.227661132812,,STB,DIY,MV
2016-01-26,11100,11165.113830566406,,STB,DIY,MV
2016-01-27,11200,11182.556915283203,,STB,DIY,MV
2016-01-28,11300,11241.278457641602,,STB,DIY,MV
2016-01-29,11300,11270.6392288208,,STB,DIY,MV
2016-02-01,11200,11235.3196144104,,STB,DIY,MV
2016-02-02,11100,11167.6598072052,,STB,DIY,MV
2016-02-03,11100,11133.8299036026,,STB,DIY,MV
2016-02-04,11200,11166.9149518013,,STB,DIY,MV
2016-02-05,11200,11183.45747590065,,STB,DIY,MV
2016-02-15,11000,11091.728737950325,,STB,DIY,MV
2016-02-16,10900,10995.864368975163,,STB,DIY,MV
2016-02-17,10600,10797.932184487581,,STB,DIY,MV
2016-02-18,11000,10898.96609224379,,STB,DIY,MV
2016-02-19,11000,10949.483046121895,,STB,DIY,MV
2016-02-22,10800,10874.741523060948,,STB,DIY,MV
2016-02-23,10900,10887.370761530474,,STB,DIY,MV
2016-02-24,11200,11043.685380765237,,STB,DIY,MV
2016-02-25,11100,11071.842690382618,,STB,DIY,MV
2016-02-26,11200,11135.92134519131,,STB,DIY,MV
2016-02-29,11000,11067.960672595655,,STB,DIY,MV
2016-03-01,10900,10983.980336297827,,STB,DIY,MV
2016-03-02,11100,11041.990168148914,,STB,DIY,MV
2016-03-03,11000,11020.995084074457,,STB,DIY,MV
2016-03-04,11000,11010.497542037228,,STB,DIY,MV
2016-03-07,11000,11005.248771018614,,STB,DIY,MV
2016-03-08,10900,10952.624385509307,,STB,DIY,MV
2016-03-09,10900,10926.312192754653,,STB,DIY,MV
2016-03-10,10900,10913.156096377326,,STB,DIY,MV
2016-03-11,11000,10956.578048188663,,STB,DIY,MV
2016-03-14,11000,10978.28902409433,,STB,DIY,MV
2016-03-15,10800,10889.144512047165,,STB,DIY,MV
2016-03-16,10700,10794.572256023583,,STB,DIY,MV
2016-03-17,10800,10797.28612801179,,STB,DIY,MV
2016-03-18,10400,10598.643064005895,,STB,DIY,MV
2016-03-21,10600,10599.321532002949,,STB,DIY,MV
2016-03-22,10600,10599.660766001474,,STB,DIY,MV
2016-03-23,10600,10599.830383000737,,STB,DIY,MV
2016-03-24,10300,10449.915191500368,,STB,DIY,MV
2016-03-25,10400,10424.957595750184,,STB,DIY,MV
2016-03-28,10300,10362.478797875092,,STB,DIY,MV
2016-03-29,10100,10231.239398937545,,STB,DIY,MV
2016-03-30,10300,10265.619699468773,,STB,DIY,MV
2016-03-31,10300,10282.809849734385,,STB,DIY,MV
2016-04-01,10300,10291.404924867193,,STB,DIY,MV
2016-04-04,10300,10295.702462433597,,STB,DIY,MV
2016-04-05,10200,10247.851231216799,,STB,DIY,MV
2016-04-06,10300,10273.9256156084,,STB,DIY,MV
2016-04-07,10100,10186.9628078042,,STB,DIY,MV
2016-04-08,10100,10143.4814039021,,STB,DIY,MV
2016-04-11,10100,10121.74070195105,,STB,DIY,MV
2016-04-12,10100,10110.870350975525,,STB,DIY,MV
2016-04-13,10200,10155.435175487763,,STB,DIY,MV
2016-04-14,10200,10177.717587743882,,STB,DIY,MV
2016-04-15,10100,10138.858793871941,,STB,DIY,MV
2016-04-19,10000,10069.429396935971,,STB,DIY,MV
2016-04-20,10000,10034.714698467986,,STB,DIY,MV
2016-04-21,10200,10117.357349233993,,STB,DIY,MV
2016-04-22,10200,10158.678674616996,,STB,DIY,MV
2016-04-25,10300,10229.339337308498,,STB,DIY,MV
2016-04-26,10200,10214.66966865425,,STB,DIY,MV
2016-04-27,10200,10207.334834327125,,STB,DIY,MV
2016-04-28,10300,10253.667417163562,,STB,DIY,MV
2016-04-29,10300,10276.83370858178,,STB,DIY,MV
2016-05-04,10200,10238.41685429089,,STB,DIY,MV
2016-05-05,10300,10269.208427145444,,STB,DIY,MV
2016-05-06,10300,10284.604213572722,,STB,DIY,MV
2016-05-09,10300,10292.302106786361,,STB,DIY,MV
2016-05-10,10400,10346.15105339318,,STB,DIY,MV
2016-05-11,10300,10323.07552669659,,STB,DIY,MV
2016-05-12,11000,10661.537763348295,,STB,DIY,MV
2016-05-13,11700,11180.768881674147,,STB,DIY,MV
2016-05-16,12100,11640.384440837073,,STB,DIY,MV
2016-05-17,12700,12170.192220418536,,STB,DIY,MV
2016-05-18,12600,12385.096110209268,,STB,DIY,MV
2016-05-19,12400,12392.548055104635,,STB,DIY,MV
2016-05-20,11900,12146.274027552317,,STB,DIY,MV
2016-05-23,11700,11923.137013776159,,STB,DIY,MV
2016-05-24,11500,11711.56850688808,,STB,DIY,MV
2016-05-25,11200,11455.784253444039,,STB,DIY,MV
2016-05-26,11000,11227.89212672202,,STB,DIY,MV
2016-05-27,11300,11263.94606336101,,STB,DIY,MV
2016-05-30,11100,11181.973031680505,,STB,DIY,MV
2016-05-31,11000,11090.986515840254,,STB,DIY,MV
2016-06-01,11100,11095.493257920127,,STB,DIY,MV
2016-06-02,11200,11147.746628960063,,STB,DIY,MV
2016-06-03,11300,11223.873314480032,,STB,DIY,MV
2016-06-06,12000,11611.936657240016,,STB,DIY,MV
2016-06-07,11900,11755.968328620009,,STB,DIY,MV
2016-06-08,12100,11927.984164310004,,STB,DIY,MV
2016-06-09,12100,12013.992082155002,,STB,DIY,MV
2016-06-10,11500,11756.996041077502,,STB,DIY,MV
2016-06-13,11800,11778.498020538751,,STB,DIY,MV
2016-06-14,11800,11789.249010269376,,STB,DIY,MV
2016-06-15,11700,11744.624505134689,,STB,DIY,MV
2016-06-16,11600,11672.312252567344,,STB,DIY,MV
2016-06-17,11300,11486.156126283673,,STB,DIY,MV
2016-06-20,11300,11393.078063141837,,STB,DIY,MV
2016-06-21,11500,11446.53903157092,,STB,DIY,MV
2016-06-22,11500,11473.26951578546,,STB,DIY,MV
2016-06-23,11500,11486.63475789273,,STB,DIY,MV
2016-06-24,11300,11393.317378946365,,STB,DIY,MV
2016-06-27,11300,11346.658689473183,,STB,DIY,MV
2016-06-28,11300,11323.32934473659,,STB,DIY,MV
2016-06-29,11400,11361.664672368295,,STB,DIY,MV
2016-06-30,11300,11330.832336184147,,STB,DIY,MV
2016-07-01,11300,11315.416168092073,,STB,DIY,MV
2016-07-04,11300,11307.708084046037,,STB,DIY,MV
2016-07-05,11400,11353.854042023018,,STB,DIY,MV
2016-07-06,11300,11326.92702101151,,STB,DIY,MV
2016-07-07,11200,11263.463510505755,,STB,DIY,MV
2016-07-08,11200,11231.731755252877,,STB,DIY,MV
2016-07-11,11200,11215.865877626438,,STB,DIY,MV
2016-07-12,11200,11207.93293881322,,STB,DIY,MV
2016-07-13,11500,11353.966469406609,,STB,DIY,MV
2016-07-14,11500,11426.983234703304,,STB,DIY,MV
2016-07-15,11900,11663.491617351652,,STB,DIY,MV
2016-07-18,12100,11881.745808675827,,STB,DIY,MV
2016-07-19,11600,11740.872904337913,,STB,DIY,MV
2016-07-20,11200,11470.436452168957,,STB,DIY,MV
2016-07-21,11300,11385.218226084478,,STB,DIY,MV
2016-07-22,11100,11242.60911304224,,STB,DIY,MV
2016-07-25,11000,11121.30455652112,,STB,DIY,MV
2016-07-26,11200,11160.65227826056,,STB,DIY,MV
2016-07-27,11200,11180.32613913028,,STB,DIY,MV
2016-07-28,11200,11190.16306956514,,STB,DIY,MV
2016-07-29,11300,11245.08153478257,,STB,DIY,MV
2016-08-01,11200,11222.540767391285,,STB,DIY,MV
2016-08-02,11100,11161.270383695643,,STB,DIY,MV
2016-08-03,11000,11080.635191847821,,STB,DIY,MV
2016-08-04,10500,10790.31759592391,,STB,DIY,MV
2016-08-05,11000,10895.158797961954,,STB,DIY,MV
2016-08-08,10900,10897.579398980977,,STB,DIY,MV
2016-08-09,10700,10798.789699490488,,STB,DIY,MV
2016-08-10,10800,10799.394849745244,,STB,DIY,MV
2016-08-11,10900,10849.697424872622,,STB,DIY,MV
2016-08-12,10900,10874.848712436311,,STB,DIY,MV
2016-08-15,10900,10887.424356218155,,STB,DIY,MV
2016-08-16,10700,10793.712178109077,,STB,DIY,MV
2016-08-17,10800,10796.856089054538,,STB,DIY,MV
2016-08-18,10600,10698.428044527269,,STB,DIY,MV
2016-08-19,10600,10649.214022263634,,STB,DIY,MV
2016-08-22,10600,10624.607011131817,,STB,DIY,MV
2016-08-23,10500,10562.30350556591,,STB,DIY,MV
2016-08-24,10500,10531.151752782955,,STB,DIY,MV
2016-08-25,10300,10415.575876391478,,STB,DIY,MV
2016-08-26,10500,10457.78793819574,,STB,DIY,MV
2016-08-29,10500,10478.89396909787,,STB,DIY,MV
2016-08-30,10500,10489.446984548935,,STB,DIY,MV
2016-08-31,10400,10444.723492274468,,STB,DIY,MV
2016-09-01,10200,10322.361746137234,,STB,DIY,MV
2016-09-05,10000,10161.180873068617,,STB,DIY,MV
2016-09-06,10200,10180.590436534309,,STB,DIY,MV
2016-09-07,10000,10090.295218267154,,STB,DIY,MV
2016-09-08,9900,9995.147609133577,,STB,DIY,MV
2016-09-09,9900,9947.57380456679,,STB,DIY,MV
2016-09-12,10000,9973.786902283395,,STB,DIY,MV
2016-09-13,9990,9981.893451141697,,STB,DIY,MV
2016-09-14,10100,10040.946725570848,,STB,DIY,MV
2016-09-15,10100,10070.473362785424,,STB,DIY,MV
2016-09-16,9400,9735.236681392711,,STB,DIY,MV
2016-09-19,9870,9802.618340696356,,STB,DIY,MV
2016-09-20,9790,9796.309170348177,,STB,DIY,MV
2016-09-21,9520,9658.154585174088,,STB,DIY,MV
2016-09-22,9600,9629.077292587044,,STB,DIY,MV
2016-09-23,9500,9564.538646293522,,STB,DIY,MV
2016-09-26,9410,9487.26932314676,,STB,DIY,MV
2016-09-27,9430,9458.63466157338,,STB,DIY,MV
2016-09-28,9430,9444.31733078669,,STB,DIY,MV
2016-09-29,9390,9417.158665393345,,STB,DIY,MV
2016-09-30,9320,9368.579332696672,,STB,DIY,MV
2016-10-03,9200,9284.289666348337,,STB,DIY,MV
2016-10-04,9150,9217.144833174169,,STB,DIY,MV
2016-10-05,9350,9283.572416587085,,STB,DIY,MV
2016-10-06,9610,9446.786208293543,,STB,DIY,MV
2016-10-07,9530,9488.393104146771,,STB,DIY,MV
2016-10-10,9370,9429.196552073387,,STB,DIY,MV
2016-10-11,9250,9339.598276036693,,STB,DIY,MV
2016-10-12,9220,9279.799138018347,,STB,DIY,MV
2016-10-13,9200,9239.899569009172,,STB,DIY,MV
2016-10-14,9210,9224.949784504586,,STB,DIY,MV
2016-10-17,9220,9222.474892252292,,STB,DIY,MV
2016-10-18,9240,9231.237446126146,,STB,DIY,MV
2016-10-19,9480,9355.618723063073,,STB,DIY,MV
2016-10-20,9320,9337.809361531537,,STB,DIY,MV
2016-10-21,9250,9293.904680765769,,STB,DIY,MV
2016-10-24,9200,9246.952340382884,,STB,DIY,MV
2016-10-25,9100,9173.476170191443,,STB,DIY,MV
2016-10-26,9020,9096.738085095722,,STB,DIY,MV
2016-10-27,8950,9023.36904254786,,STB,DIY,MV
2016-10-28,8870,8946.68452127393,,STB,DIY,MV
2016-10-31,8820,8883.342260636964,,STB,DIY,MV
2016-11-01,8500,8691.671130318482,,STB,DIY,MV
2016-11-02,8250,8470.835565159241,,STB,DIY,MV
2016-11-03,8240,8355.417782579621,,STB,DIY,MV
2016-11-04,8380,8367.70889128981,,STB,DIY,MV
2016-11-07,8420,8393.854445644905,,STB,DIY,MV
2016-11-08,8430,8411.927222822453,,STB,DIY,MV
2016-11-09,8250,8330.963611411225,,STB,DIY,MV
2016-11-10,8400,8365.481805705613,,STB,DIY,MV
2016-11-11,8240,8302.740902852805,,STB,DIY,MV
2016-11-14,8010,8156.370451426403,,STB,DIY,MV
2016-11-15,8100,8128.185225713201,,STB,DIY,MV
2016-11-16,8100,8114.092612856601,,STB,DIY,MV
2016-11-17,7910,8012.0463064283,,STB,DIY,MV
2016-11-18,7880,7946.02315321415,,STB,DIY,MV
2016-11-21,8300,8123.011576607075,,STB,DIY,MV
2016-11-22,8270,8196.505788303537,,STB,DIY,MV
2016-11-23,8270,8233.252894151768,,STB,DIY,MV
2016-11-24,8220,8226.626447075883,,STB,DIY,MV
2016-11-25,8100,8163.313223537942,,STB,DIY,MV
2016-11-28,7800,7981.656611768971,,STB,DIY,MV
2016-11-29,7800,7890.828305884485,,STB,DIY,MV
2016-11-30,7500,7695.414152942243,,STB,DIY,MV
2016-12-01,7550,7622.707076471122,,STB,DIY,MV
2016-12-02,7740,7681.35353823556,,STB,DIY,MV
2016-12-05,7500,7590.67676911778,,STB,DIY,MV
2016-12-06,7510,7550.3383845588905,,STB,DIY,MV
2016-12-07,7400,7475.169192279445,,STB,DIY,MV
2016-12-08,7910,7692.584596139723,,STB,DIY,MV
2016-12-09,7800,7746.292298069861,,STB,DIY,MV
2016-12-12,7610,7678.14614903493,,STB,DIY,MV
2016-12-13,7620,7649.073074517465,,STB,DIY,MV
2016-12-14,7900,7774.536537258733,,STB,DIY,MV
2016-12-15,8000,7887.2682686293665,,STB,DIY,MV
2016-12-16,8200,8043.634134314683,,STB,DIY,MV
2016-12-19,8420,8231.817067157343,,STB,DIY,MV
2016-12-20,8400,8315.908533578671,,STB,DIY,MV
2016-12-21,8260,8287.954266789337,,STB,DIY,MV
2016-12-22,8200,8243.977133394668,,STB,DIY,MV
2016-12-23,8340,8291.988566697335,,STB,DIY,MV
2016-12-26,8350,8320.994283348668,,STB,DIY,MV
2016-12-27,8600,8460.497141674334,,STB,DIY,MV
2016-12-28,9100,8780.248570837168,,STB,DIY,MV
2016-12-29,9400,9090.124285418584,,STB,DIY,MV
2016-12-30,9450,9270.062142709292,,STB,DIY,MV
2017-01-03,8790,9030.031071354646,,STB,DIY,MV
2017-01-04,8200,8615.015535677323,,STB,DIY,MV
2017-01-05,8580,8597.507767838662,,STB,DIY,MV
2017-01-06,8780,8688.753883919331,,STB,DIY,MV
2017-01-09,8990,8839.376941959665,,STB,DIY,MV
2017-01-10,9000,8919.688470979832,,STB,DIY,MV
2017-01-11,9030,8974.844235489916,,STB,DIY,MV
2017-01-12,9040,9007.422117744958,,STB,DIY,MV
2017-01-13,8950,8978.711058872479,,STB,DIY,MV
2017-01-16,8960,8969.35552943624,,STB,DIY,MV
2017-01-17,9240,9104.677764718119,,STB,DIY,MV
2017-01-18,9450,9277.33888235906,,STB,DIY,MV
2017-01-19,9590,9433.669441179529,,STB,DIY,MV
2017-01-20,9500,9466.834720589764,,STB,DIY,MV
2017-01-23,9550,9508.417360294883,,STB,DIY,MV
2017-01-24,9850,9679.208680147442,,STB,DIY,MV
2017-01-25,10200,9939.604340073722,,STB,DIY,MV
2017-02-02,10050,9994.80217003686,,STB,DIY,MV
2017-02-03,10050,10022.401085018431,,STB,DIY,MV
2017-02-06,9950,9986.200542509216,,STB,DIY,MV
2017-02-07,9870,9928.100271254607,,STB,DIY,MV
2017-02-08,10000,9964.050135627303,,STB,DIY,MV
2017-02-09,10200,10082.02506781365,,STB,DIY,MV
2017-02-10,10200,10141.012533906825,,STB,DIY,MV
2017-02-13,10000,10070.506266953413,,STB,DIY,MV
2017-02-14,10100,10085.253133476706,,STB,DIY,MV
2017-02-15,9950,10017.626566738352,,STB,DIY,MV
2017-02-16,10450,10233.813283369176,,STB,DIY,MV
2017-02-17,11000,10616.906641684589,,STB,DIY,MV
2017-02-20,11050,10833.453320842294,,STB,DIY,MV
2017-02-21,10850,10841.726660421147,,STB,DIY,MV
2017-02-22,10950,10895.863330210574,,STB,DIY,MV
2017-02-23,11050,10972.931665105287,,STB,DIY,MV
2017-02-24,10300,10636.465832552643,,STB,DIY,MV
2017-02-27,10450,10543.232916276322,,STB,DIY,MV
2017-02-28,10300,10421.61645813816,,STB,DIY,MV
2017-03-01,10200,10310.80822906908,,STB,DIY,MV
2017-03-02,10200,10255.40411453454,,STB,DIY,MV
2017-03-03,10900,10577.70205726727,,STB,DIY,MV
2017-03-06,10800,10688.851028633635,,STB,DIY,MV
2017-03-07,10500,10594.425514316817,,STB,DIY,MV
2017-03-08,10600,10597.21275715841,,STB,DIY,MV
2017-03-09,10450,10523.606378579205,,STB,DIY,MV
2017-03-10,10450,10486.803189289603,,STB,DIY,MV
2017-03-13,10550,10518.401594644802,,STB,DIY,MV
2017-03-14,10450,10484.2007973224,,STB,DIY,MV
2017-03-15,10350,10417.100398661201,,STB,DIY,MV
2017-03-16,10350,10383.5501993306,,STB,DIY,MV
2017-03-17,10300,10341.775099665301,,STB,DIY,MV
2017-03-20,10550,10445.88754983265,,STB,DIY,MV
2017-03-21,10700,10572.943774916326,,STB,DIY,MV
2017-03-22,10750,10661.471887458163,,STB,DIY,MV
2017-03-23,11400,11030.735943729082,,STB,DIY,MV
2017-03-24,11400,11215.36797186454,,STB,DIY,MV
2017-03-27,11400,11307.68398593227,,STB,DIY,MV
2017-03-28,11150,11228.841992966136,,STB,DIY,MV
2017-03-29,11200,11214.420996483068,,STB,DIY,MV
2017-03-30,11250,11232.210498241533,,STB,DIY,MV
2017-03-31,11450,11341.105249120767,,STB,DIY,MV
2017-04-03,12250,11795.552624560383,,STB,DIY,MV
2017-04-04,12400,12097.776312280192,,STB,DIY,MV
2017-04-05,12300,12198.888156140096,,STB,DIY,MV
2017-04-07,13150,12674.444078070048,,STB,DIY,MV
2017-04-10,12800,12737.222039035023,,STB,DIY,MV
2017-04-11,12650,12693.611019517512,,STB,DIY,MV
2017-04-12,12750,12721.805509758757,,STB,DIY,MV
2017-04-13,11900,12310.902754879378,,STB,DIY,MV
2017-04-14,11600,11955.45137743969,,STB,DIY,MV
2017-04-17,11200,11577.725688719845,,STB,DIY,MV
2017-04-18,11300,11438.862844359923,,STB,DIY,MV
2017-04-19,11600,11519.431422179961,,STB,DIY,MV
2017-04-20,11600,11559.71571108998,,STB,DIY,MV
2017-04-21,11250,11404.85785554499,,STB,DIY,MV
2017-04-24,10500,10952.428927772495,,STB,DIY,MV
2017-04-25,11100,11026.214463886248,,STB,DIY,MV
2017-04-26,11850,11438.107231943124,,STB,DIY,MV
2017-04-27,12400,11919.053615971563,,STB,DIY,MV
2017-04-28,11550,11734.526807985781,,STB,DIY,MV
2017-05-03,11650,11692.26340399289,,STB,DIY,MV
2017-05-04,12150,11921.131701996444,,STB,DIY,MV
2017-05-05,12100,12010.565850998222,,STB,DIY,MV
2017-05-08,11750,11880.282925499112,,STB,DIY,MV
2017-05-09,11900,11890.141462749556,,STB,DIY,MV
2017-05-10,12400,12145.070731374777,,STB,DIY,MV
2017-05-11,12350,12247.535365687389,,STB,DIY,MV
2017-05-12,12200,12223.767682843694,,STB,DIY,MV
2017-05-15,12650,12436.883841421848,,STB,DIY,MV
2017-05-16,12350,12393.441920710924,,STB,DIY,MV
2017-05-17,12500,12446.720960355462,,STB,DIY,MV
2017-05-18,12450,12448.360480177731,,STB,DIY,MV
2017-05-19,12400,12424.180240088866,,STB,DIY,MV
2017-05-22,12700,12562.090120044433,,STB,DIY,MV
2017-05-23,12400,12481.045060022218,,STB,DIY,MV
2017-05-24,12550,12515.522530011109,,STB,DIY,MV
2017-05-25,12400,12457.761265005554,,STB,DIY,MV
2017-05-26,12300,12378.880632502776,,STB,DIY,MV
2017-05-29,12700,12539.440316251388,,STB,DIY,MV
2017-05-30,12600,12569.720158125694,,STB,DIY,MV
2017-05-31,12500,12534.860079062848,,STB,DIY,MV
2017-06-01,12650,12592.430039531424,,STB,DIY,MV
2017-06-02,12400,12496.215019765712,,STB,DIY,MV
2017-06-05,12700,12598.107509882855,,STB,DIY,MV
2017-06-06,13550,13074.053754941428,,STB,DIY,MV
2017-06-07,13450,13262.026877470715,,STB,DIY,MV
2017-06-08,13800,13531.013438735357,,STB,DIY,MV
2017-06-09,13900,13715.506719367679,,STB,DIY,MV
2017-06-12,13800,13757.75335968384,,STB,DIY,MV
2017-06-13,13900,13828.87667984192,,STB,DIY,MV
2017-06-14,14000,13914.43833992096,,STB,DIY,MV
2017-06-15,13750,13832.219169960481,,STB,DIY,MV
2017-06-16,13900,13866.10958498024,,STB,DIY,MV
2017-06-19,14150,14008.05479249012,,STB,DIY,MV
2017-06-20,14550,14279.02739624506,,STB,DIY,MV
2017-06-21,14600,14439.51369812253,,STB,DIY,MV
2017-06-22,14300,14369.756849061265,,STB,DIY,MV
2017-06-23,14200,14284.878424530632,,STB,DIY,MV
2017-06-26,14200,14242.439212265315,,STB,DIY,MV
2017-06-27,14350,14296.219606132658,,STB,DIY,MV
2017-06-28,14200,14248.109803066329,,STB,DIY,MV
2017-06-29,14100,14174.054901533164,,STB,DIY,MV
2017-06-30,13800,13987.027450766582,,STB,DIY,MV
2017-07-03,13600,13793.51372538329,,STB,DIY,MV
2017-07-04,13200,13496.756862691645,,STB,DIY,MV
2017-07-05,13450,13473.378431345824,,STB,DIY,MV
2017-07-06,13450,13461.689215672912,,STB,DIY,MV
2017-07-07,13000,13230.844607836456,,STB,DIY,MV
2017-07-10,12850,13040.422303918229,,STB,DIY,MV
2017-07-11,12600,12820.211151959114,,STB,DIY,MV
2017-07-12,12600,12710.105575979556,,STB,DIY,MV
2017-07-13,12400,12555.052787989778,,STB,DIY,MV
2017-07-14,12100,12327.526393994889,,STB,DIY,MV
2017-07-17,11700,12013.763196997445,,STB,DIY,MV
2017-07-18,12100,12056.881598498723,,STB,DIY,MV
2017-07-19,12050,12053.440799249362,,STB,DIY,MV
2017-07-20,11800,11926.72039962468,,STB,DIY,MV
2017-07-21,11700,11813.360199812341,,STB,DIY,MV
2017-07-24,11850,11831.68009990617,,STB,DIY,MV
2017-07-25,12500,12165.840049953085,,STB,DIY,MV
2017-07-26,12800,12482.920024976542,,STB,DIY,MV
2017-07-27,12650,12566.46001248827,,STB,DIY,MV
2017-07-28,12800,12683.230006244135,,STB,DIY,MV
2017-07-31,13100,12891.615003122068,,STB,DIY,MV
2017-08-01,13000,12945.807501561034,,STB,DIY,MV
2017-08-02,12550,12747.903750780517,,STB,DIY,MV
2017-08-03,12300,12523.95187539026,,STB,DIY,MV
2017-08-04,12700,12611.97593769513,,STB,DIY,MV
2017-08-07,12550,12580.987968847565,,STB,DIY,MV
2017-08-08,12200,12390.493984423782,,STB,DIY,MV
2017-08-09,11800,12095.24699221189,,STB,DIY,MV
2017-08-10,11950,12022.623496105945,,STB,DIY,MV
2017-08-11,11950,11986.311748052973,,STB,DIY,MV
2017-08-14,12100,12043.155874026486,,STB,DIY,MV
2017-08-15,11900,11971.577937013244,,STB,DIY,MV
2017-08-16,12000,11985.788968506622,,STB,DIY,MV
2017-08-17,11850,11917.894484253311,,STB,DIY,MV
2017-08-18,11750,11833.947242126655,,STB,DIY,MV
2017-08-21,11700,11766.973621063327,,STB,DIY,MV
2017-08-22,11700,11733.486810531664,,STB,DIY,MV
2017-08-23,11800,11766.743405265832,,STB,DIY,MV
2017-08-24,11750,11758.371702632916,,STB,DIY,MV
2017-08-25,11800,11779.185851316459,,STB,DIY,MV
2017-08-28,11750,11764.59292565823,,STB,DIY,MV
2017-08-29,11600,11682.296462829116,,STB,DIY,MV
2017-08-30,11450,11566.148231414558,,STB,DIY,MV
2017-08-31,11700,11633.074115707279,,STB,DIY,MV
2017-09-01,11600,11616.537057853639,,STB,DIY,MV
2017-09-05,11850,11733.26852892682,,STB,DIY,MV
2017-09-06,11650,11691.63426446341,,STB,DIY,MV
2017-09-07,11750,11720.817132231705,,STB,DIY,MV
2017-09-08,11650,11685.408566115853,,STB,DIY,MV
2017-09-11,11600,11642.704283057927,,STB,DIY,MV
2017-09-12,11450,11546.352141528963,,STB,DIY,MV
2017-09-13,11500,11523.176070764483,,STB,DIY,MV
2017-09-14,11700,11611.588035382241,,STB,DIY,MV
2017-09-15,11500,11555.794017691122,,STB,DIY,MV
2017-09-18,11800,11677.89700884556,,STB,DIY,MV
2017-09-19,11750,11713.94850442278,,STB,DIY,MV
2017-09-20,11700,11706.97425221139,,STB,DIY,MV
2017-09-21,11600,11653.487126105694,,STB,DIY,MV
2017-09-22,11550,11601.743563052847,,STB,DIY,MV
2017-09-25,12300,11950.871781526424,,STB,DIY,MV
2017-09-26,12500,12225.435890763212,,STB,DIY,MV
2017-09-27,12250,12237.717945381606,,STB,DIY,MV
2017-09-28,12600,12418.858972690803,,STB,DIY,MV
2017-09-29,12500,12459.429486345402,,STB,DIY,MV
2017-10-02,12300,12379.7147431727,,STB,DIY,MV
2017-10-03,12150,12264.85737158635,,STB,DIY,MV
2017-10-04,12200,12232.428685793175,,STB,DIY,MV
2017-10-05,12100,12166.214342896586,,STB,DIY,MV
2017-10-06,12300,12233.107171448293,,STB,DIY,MV
2017-10-09,12450,12341.553585724147,,STB,DIY,MV
2017-10-10,12450,12395.776792862074,,STB,DIY,MV
2017-10-11,11650,12022.888396431037,,STB,DIY,MV
2017-10-12,11600,11811.444198215519,,STB,DIY,MV
2017-10-13,11500,11655.72209910776,,STB,DIY,MV
2017-10-16,11600,11627.86104955388,,STB,DIY,MV
2017-10-17,11450,11538.93052477694,,STB,DIY,MV
2017-10-18,11400,11469.46526238847,,STB,DIY,MV
2017-10-19,11500,11484.732631194234,,STB,DIY,MV
2017-10-20,11550,11517.366315597117,,STB,DIY,MV
2017-10-23,11300,11408.683157798558,,STB,DIY,MV
2017-10-24,11300,11354.341578899279,,STB,DIY,MV
2017-10-25,11300,11327.17078944964,,STB,DIY,MV
2017-10-26,11350,11338.58539472482,,STB,DIY,MV
2017-10-27,11350,11344.292697362409,,STB,DIY,MV
2017-10-30,11250,11297.146348681204,,STB,DIY,MV
2017-10-31,11000,11148.573174340603,,STB,DIY,MV
2017-11-01,11200,11174.286587170302,,STB,DIY,MV
2017-11-02,11300,11237.143293585152,,STB,DIY,MV
2017-11-03,11100,11168.571646792576,,STB,DIY,MV
2017-11-06,11200,11184.285823396287,,STB,DIY,MV
2017-11-07,11200,11192.142911698144,,STB,DIY,MV
2017-11-08,11200,11196.071455849073,,STB,DIY,MV
2017-11-09,11150,11173.035727924536,,STB,DIY,MV
2017-11-10,11400,11286.517863962268,,STB,DIY,MV
2017-11-13,11200,11243.258931981134,,STB,DIY,MV
2017-11-14,11150,11196.629465990567,,STB,DIY,MV
2017-11-15,11450,11323.314732995284,,STB,DIY,MV
2017-11-16,12000,11661.657366497642,,STB,DIY,MV
2017-11-17,11750,11705.828683248821,,STB,DIY,MV
2017-11-20,11850,11777.914341624411,,STB,DIY,MV
2017-11-21,11850,11813.957170812206,,STB,DIY,MV
2017-11-22,12400,12106.978585406103,,STB,DIY,MV
2017-11-23,12350,12228.489292703052,,STB,DIY,MV
2017-11-24,12400,12314.244646351526,,STB,DIY,MV
2017-11-27,12550,12432.122323175763,,STB,DIY,MV
2017-11-28,12600,12516.06116158788,,STB,DIY,MV
2017-11-29,13200,12858.03058079394,,STB,DIY,MV
2017-11-30,13100,12979.01529039697,,STB,DIY,MV
2017-12-01,13000,12989.507645198486,,STB,DIY,MV
2017-12-04,13700,13344.753822599243,,STB,DIY,MV
2017-12-05,13000,13172.376911299621,,STB,DIY,MV
2017-12-06,13250,13211.188455649812,,STB,DIY,MV
2017-12-07,13000,13105.594227824906,,STB,DIY,MV
2017-12-08,12950,13027.797113912453,,STB,DIY,MV
2017-12-11,12300,12663.898556956226,,STB,DIY,MV
2017-12-12,12450,12556.949278478114,,STB,DIY,MV
2017-12-13,12000,12278.474639239057,,STB,DIY,MV
2017-12-14,12500,12389.23731961953,,STB,DIY,MV
2017-12-15,12700,12544.618659809765,,STB,DIY,MV
2017-12-18,12750,12647.309329904881,,STB,DIY,MV
2017-12-19,12550,12598.65466495244,,STB,DIY,MV
2017-12-20,12550,12574.32733247622,,STB,DIY,MV
2017-12-21,12300,12437.16366623811,,STB,DIY,MV
2017-12-22,12550,12493.581833119055,,STB,DIY,MV
2017-12-25,12350,12421.790916559527,,STB,DIY,MV
2017-12-26,12600,12510.895458279763,,STB,DIY,MV
2017-12-27,12850,12680.447729139882,,STB,DIY,MV
2017-12-28,12950,12815.22386456994,,STB,DIY,MV
2017-12-29,12850,12832.61193228497,,STB,DIY,MV
2018-01-02,13400,13116.305966142485,,STB,DIY,MV
2018-01-03,13350,13233.152983071242,,STB,DIY,MV
2018-01-04,13600,13416.576491535621,,STB,DIY,MV
2018-01-05,13600,13508.28824576781,,STB,DIY,MV
2018-01-08,14550,14029.144122883905,,STB,DIY,MV
2018-01-09,14850,14439.572061441952,,STB,DIY,MV
2018-01-10,15600,15019.786030720976,,STB,DIY,MV
2018-01-11,16250,15634.893015360489,,STB,DIY,MV
2018-01-12,15500,15567.446507680244,,STB,DIY,MV
2018-01-15,15350,15458.723253840122,,STB,DIY,MV
2018-01-16,14950,15204.361626920061,,STB,DIY,MV
2018-01-17,14300,14752.18081346003,,STB,DIY,MV
2018-01-18,15000,14876.090406730014,,STB,DIY,MV
2018-01-19,15450,15163.045203365007,,STB,DIY,MV
2018-01-22,15100,15131.522601682504,,STB,DIY,MV
2018-01-23,15100,15115.761300841252,,STB,DIY,MV
2018-01-24,15100,15107.880650420626,,STB,DIY,MV
2018-01-25,15400,15253.940325210313,,STB,DIY,MV
2018-01-26,15700,15476.970162605157,,STB,DIY,MV
2018-01-29,16750,16113.485081302579,,STB,DIY,MV
2018-01-30,17100,16606.74254065129,,STB,DIY,MV
2018-01-31,16250,16428.371270325646,,STB,DIY,MV
2018-02-01,15700,16064.185635162823,,STB,DIY,MV
2018-02-02,16250,16157.092817581412,,STB,DIY,MV
2018-02-05,15150,15653.546408790706,,STB,DIY,MV
2018-02-06,15400,15526.773204395353,,STB,DIY,MV
2018-02-07,15750,15638.386602197676,,STB,DIY,MV
2018-02-08,14900,15269.193301098838,,STB,DIY,MV
2018-02-09,14950,15109.596650549418,,STB,DIY,MV
2018-02-12,15900,15504.798325274709,,STB,DIY,MV
2018-02-13,15900,15702.399162637354,,STB,DIY,MV
2018-02-21,16300,16001.199581318677,,STB,DIY,MV
2018-02-22,16100,16050.599790659338,,STB,DIY,MV
2018-02-23,16450,16250.29989532967,,STB,DIY,MV
2018-02-26,16050,16150.149947664835,,STB,DIY,MV
2018-02-27,16150,16150.074973832418,,STB,DIY,MV
2018-02-28,16100,16125.037486916208,,STB,DIY,MV
2018-03-01,15750,15937.518743458104,,STB,DIY,MV
2018-03-02,15700,15818.759371729051,,STB,DIY,MV
2018-03-05,14950,15384.379685864526,,STB,DIY,MV
2018-03-06,15300,15342.189842932263,,STB,DIY,MV
2018-03-07,15050,15196.09492146613,,STB,DIY,MV
2018-03-08,15200,15198.047460733065,,STB,DIY,MV
2018-03-09,15400,15299.023730366533,,STB,DIY,MV
2018-03-12,15950,15624.511865183267,,STB,DIY,MV
2018-03-13,16100,15862.255932591634,,STB,DIY,MV
2018-03-14,16050,15956.127966295817,,STB,DIY,MV
2018-03-15,16150,16053.06398314791,,STB,DIY,MV
2018-03-16,16300,16176.531991573955,,STB,DIY,MV
2018-03-19,16050,16113.265995786976,,STB,DIY,MV
2018-03-20,16000,16056.632997893488,,STB,DIY,MV
2018-03-21,16250,16153.316498946744,,STB,DIY,MV
2018-03-22,16000,16076.658249473372,,STB,DIY,MV
2018-03-23,15750,15913.329124736687,,STB,DIY,MV
2018-03-26,15650,15781.664562368343,,STB,DIY,MV
2018-03-27,15500,15640.832281184172,,STB,DIY,MV
2018-03-28,15350,15495.416140592086,,STB,DIY,MV
2018-03-29,15250,15372.708070296043,,STB,DIY,MV
2018-03-30,15500,15436.354035148022,,STB,DIY,MV
2018-04-02,15800,15618.177017574011,,STB,DIY,MV
2018-04-03,15700,15659.088508787005,,STB,DIY,MV
2018-04-04,15600,15629.544254393502,,STB,DIY,MV
2018-04-05,15700,15664.772127196751,,STB,DIY,MV
2018-04-06,16100,15882.386063598376,,STB,DIY,MV
2018-04-09,16400,16141.193031799188,,STB,DIY,MV
2018-04-10,16200,16170.596515899593,,STB,DIY,MV
2018-04-11,15650,15910.298257949797,,STB,DIY,MV
2018-04-12,15600,15755.1491289749,,STB,DIY,MV
2018-04-13,15450,15602.57456448745,,STB,DIY,MV
2018-04-16,15500,15551.287282243724,,STB,DIY,MV
2018-04-17,15800,15675.643641121862,,STB,DIY,MV
2018-04-18,15500,15587.82182056093,,STB,DIY,MV
2018-04-19,15000,15293.910910280465,,STB,DIY,MV
2018-04-20,15450,15371.955455140233,,STB,DIY,MV
2018-04-23,14400,14885.977727570116,,STB,DIY,MV
2018-04-24,14150,14517.988863785058,,STB,DIY,MV
2018-04-26,13350,13933.99443189253,,STB,DIY,MV
2018-04-27,13850,13891.997215946265,,STB,DIY,MV
2018-05-02,13300,13595.998607973132,,STB,DIY,MV
2018-05-03,13700,13647.999303986566,,STB,DIY,MV
2018-05-04,13450,13548.999651993283,,STB,DIY,MV
2018-05-07,13950,13749.499825996641,,STB,DIY,MV
2018-05-08,13650,13699.74991299832,,STB,DIY,MV
2018-05-09,13500,13599.87495649916,,STB,DIY,MV
2018-05-10,12900,13249.93747824958,,STB,DIY,MV
2018-05-11,13100,13174.96873912479,,STB,DIY,MV
2018-05-14,13100,13137.484369562395,,STB,DIY,MV
2018-05-15,13100,13118.742184781197,,STB,DIY,MV
2018-05-16,13050,13084.371092390598,,STB,DIY,MV
2018-05-17,12750,12917.185546195298,,STB,DIY,MV
2018-05-18,12750,12833.59277309765,,STB,DIY,MV
2018-05-21,12600,12716.796386548824,,STB,DIY,MV
2018-05-22,12000,12358.398193274412,,STB,DIY,MV
2018-05-23,12150,12254.199096637207,,STB,DIY,MV
2018-05-24,12050,12152.099548318603,,STB,DIY,MV
2018-05-25,11650,11901.049774159303,,STB,DIY,MV
2018-05-28,10850,11375.524887079651,,STB,DIY,MV
2018-05-29,11600,11487.762443539825,,STB,DIY,MV
2018-05-30,11500,11493.881221769912,,STB,DIY,MV
2018-05-31,11750,11621.940610884956,,STB,DIY,MV
2018-06-01,11750,11685.970305442479,,STB,DIY,MV
2018-06-04,12550,12117.98515272124,,STB,DIY,MV
2018-06-05,12900,12508.992576360619,,STB,DIY,MV
2018-06-06,13300,12904.49628818031,,STB,DIY,MV
2018-06-07,13000,12952.248144090154,,STB,DIY,MV
2018-06-08,12900,12926.124072045077,,STB,DIY,MV
2018-06-11,12600,12763.062036022538,,STB,DIY,MV
2018-06-12,12800,12781.531018011268,,STB,DIY,MV
2018-06-13,12800,12790.765509005634,,STB,DIY,MV
2018-06-14,12550,12670.382754502818,,STB,DIY,MV
2018-06-15,12400,12535.191377251409,,STB,DIY,MV
2018-06-18,12000,12267.595688625704,,STB,DIY,MV
2018-06-19,11700,11983.797844312852,,STB,DIY,MV
2018-06-20,12000,11991.898922156426,,STB,DIY,MV
2018-06-21,11700,11845.949461078213,,STB,DIY,MV
2018-06-22,12000,11922.974730539107,,STB,DIY,MV
2018-06-25,12150,12036.487365269553,,STB,DIY,MV
2018-06-26,12000,12018.243682634777,,STB,DIY,MV
2018-06-27,11800,11909.121841317388,,STB,DIY,MV
2018-06-28,11550,11729.560920658694,,STB,DIY,MV
2018-06-29,11550,11639.780460329348,,STB,DIY,MV
2018-07-02,11100,11369.890230164674,,STB,DIY,MV
2018-07-03,10350,10859.945115082337,,STB,DIY,MV
2018-07-04,10300,10579.972557541168,,STB,DIY,MV
2018-07-05,9720,10149.986278770584,,STB,DIY,MV
2018-07-06,10400,10274.993139385293,,STB,DIY,MV
2018-07-09,10400,10337.496569692647,,STB,DIY,MV
2018-07-10,10400,10368.748284846322,,STB,DIY,MV
2018-07-11,10000,10184.374142423161,,STB,DIY,MV
2018-07-12,10150,10167.187071211581,,STB,DIY,MV
2018-07-13,10450,10308.59353560579,,STB,DIY,MV
2018-07-16,10500,10404.296767802894,,STB,DIY,MV
2018-07-17,10750,10577.148383901447,,STB,DIY,MV
2018-07-18,11200,10888.574191950724,,STB,DIY,MV
2018-07-19,11000,10944.287095975362,,STB,DIY,MV
2018-07-20,11000,10972.143547987682,,STB,DIY,MV
2018-07-23,11750,11361.07177399384,,STB,DIY,MV
2018-07-24,11400,11380.53588699692,,STB,DIY,MV
2018-07-25,11200,11290.26794349846,,STB,DIY,MV
2018-07-26,11250,11270.13397174923,,STB,DIY,MV
2018-07-27,11200,11235.066985874615,,STB,DIY,MV
2018-07-30,11500,11367.533492937308,,STB,DIY,MV
2018-07-31,11450,11408.766746468653,,STB,DIY,MV
2018-08-01,11300,11354.383373234326,,STB,DIY,MV
2018-08-02,11050,11202.191686617163,,STB,DIY,MV
2018-08-03,11050,11126.095843308582,,STB,DIY,MV
2018-08-06,11150,11138.047921654292,,STB,DIY,MV
2018-08-07,11150,11144.023960827146,,STB,DIY,MV
2018-08-08,11350,11247.011980413572,,STB,DIY,MV
2018-08-09,11300,11273.505990206786,,STB,DIY,MV
2018-08-10,11250,11261.752995103394,,STB,DIY,MV
2018-08-13,11800,11530.876497551697,,STB,DIY,MV
2018-08-14,11600,11565.438248775848,,STB,DIY,MV
2018-08-15,11400,11482.719124387924,,STB,DIY,MV
2018-08-16,11400,11441.359562193962,,STB,DIY,MV
2018-08-17,11200,11320.67978109698,,STB,DIY,MV
2018-08-20,11150,11235.33989054849,,STB,DIY,MV
2018-08-21,11200,11217.669945274245,,STB,DIY,MV
2018-08-22,11450,11333.834972637123,,STB,DIY,MV
2018-08-23,11400,11366.917486318562,,STB,DIY,MV
2018-08-24,11300,11333.45874315928,,STB,DIY,MV
2018-08-27,11400,11366.72937157964,,STB,DIY,MV
2018-08-28,11500,11433.36468578982,,STB,DIY,MV
2018-08-29,11400,11416.68234289491,,STB,DIY,MV
2018-08-30,11500,11458.341171447455,,STB,DIY,MV
2018-08-31,11350,11404.170585723728,,STB,DIY,MV
2018-09-04,11250,11327.085292861864,,STB,DIY,MV
2018-09-05,11100,11213.542646430931,,STB,DIY,MV
2018-09-06,11050,11131.771323215466,,STB,DIY,MV
2018-09-07,11300,11215.885661607732,,STB,DIY,MV
2018-09-10,11750,11482.942830803866,,STB,DIY,MV
2018-09-11,11800,11641.471415401933,,STB,DIY,MV
2018-09-12,12100,11870.735707700966,,STB,DIY,MV
2018-09-13,12050,11960.367853850483,,STB,DIY,MV
2018-09-14,12000,11980.183926925241,,STB,DIY,MV
2018-09-17,11850,11915.09196346262,,STB,DIY,MV
2018-09-18,12400,12157.54598173131,,STB,DIY,MV
2018-09-19,12550,12353.772990865655,,STB,DIY,MV
2018-09-20,12650,12501.886495432827,,STB,DIY,MV
2018-09-21,12700,12600.943247716414,,STB,DIY,MV
2018-09-24,12550,12575.471623858208,,STB,DIY,MV
2018-09-25,12650,12612.735811929104,,STB,DIY,MV
2018-09-26,12700,12656.367905964551,,STB,DIY,MV
2018-09-27,12650,12653.183952982276,,STB,DIY,MV
2018-09-28,13500,13076.591976491138,,STB,DIY,MV
2018-10-01,13850,13463.295988245569,,STB,DIY,MV
2018-10-02,13900,13681.647994122784,,STB,DIY,MV
2018-10-03,13850,13765.823997061392,,STB,DIY,MV
2018-10-04,13850,13807.911998530697,,STB,DIY,MV
2018-10-05,13800,13803.955999265349,,STB,DIY,MV
2018-10-08,13850,13826.977999632674,,STB,DIY,MV
2018-10-09,13550,13688.488999816338,,STB,DIY,MV
2018-10-10,13400,13544.244499908169,,STB,DIY,MV
2018-10-11,12500,13022.122249954085,,STB,DIY,MV
2018-10-12,13050,13036.061124977043,,STB,DIY,MV
2018-10-15,12950,12993.030562488522,,STB,DIY,MV
2018-10-16,13600,13296.515281244261,,STB,DIY,MV
2018-10-17,13550,13423.25764062213,,STB,DIY,MV
2018-10-18,13500,13461.628820311065,,STB,DIY,MV
2018-10-19,13450,13455.814410155534,,STB,DIY,MV
2018-10-22,12950,13202.907205077767,,STB,DIY,MV
2018-10-23,12550,12876.453602538884,,STB,DIY,MV
2018-10-24,12600,12738.226801269442,,STB,DIY,MV
2018-10-25,12550,12644.11340063472,,STB,DIY,MV
2018-10-26,12300,12472.05670031736,,STB,DIY,MV
2018-10-29,12000,12236.02835015868,,STB,DIY,MV
2018-10-30,11950,12093.014175079341,,STB,DIY,MV
2018-10-31,12500,12296.50708753967,,STB,DIY,MV
2018-11-01,12200,12248.253543769835,,STB,DIY,MV
2018-11-02,12400,12324.126771884918,,STB,DIY,MV
2018-11-05,12350,12337.06338594246,,STB,DIY,MV
2018-11-06,12250,12293.53169297123,,STB,DIY,MV
2018-11-07,12700,12496.765846485614,,STB,DIY,MV
2018-11-08,12600,12548.382923242807,,STB,DIY,MV
2018-11-09,12350,12449.191461621404,,STB,DIY,MV
2018-11-12,12200,12324.595730810703,,STB,DIY,MV
2018-11-13,12000,12162.297865405351,,STB,DIY,MV
2018-11-14,11950,12056.148932702676,,STB,DIY,MV
2018-11-15,12000,12028.074466351338,,STB,DIY,MV
2018-11-16,12100,12064.03723317567,,STB,DIY,MV
2018-11-19,12300,12182.018616587835,,STB,DIY,MV
2018-11-20,12200,12191.009308293917,,STB,DIY,MV
2018-11-21,12250,12220.504654146958,,STB,DIY,MV
2018-11-22,12400,12310.252327073478,,STB,DIY,MV
2018-11-23,12250,12280.12616353674,,STB,DIY,MV
2018-11-26,12300,12290.06308176837,,STB,DIY,MV
2018-11-27,12150,12220.031540884185,,STB,DIY,MV
2018-11-28,12250,12235.015770442093,,STB,DIY,MV
2018-11-29,12150,12192.507885221046,,STB,DIY,MV
2018-11-30,12150,12171.253942610523,,STB,DIY,MV
2018-12-03,12800,12485.62697130526,,STB,DIY,MV
2018-12-04,12800,12642.81348565263,,STB,DIY,MV
2018-12-05,12700,12671.406742826315,,STB,DIY,MV
2018-12-06,12600,12635.703371413158,,STB,DIY,MV
2018-12-07,12650,12642.851685706579,,STB,DIY,MV
2018-12-10,12500,12571.425842853288,,STB,DIY,MV
2018-12-11,12500,12535.712921426644,,STB,DIY,MV
2018-12-12,12700,12617.856460713323,,STB,DIY,MV
2018-12-13,12900,12758.928230356662,,STB,DIY,MV
2018-12-14,12800,12779.46411517833,,STB,DIY,MV
2018-12-17,12500,12639.732057589164,,STB,DIY,MV
2018-12-18,12400,12519.866028794582,,STB,DIY,MV
2018-12-19,12450,12484.933014397291,,STB,DIY,MV
2018-12-20,12250,12367.466507198646,,STB,DIY,MV
2018-12-21,12100,12233.733253599323,,STB,DIY,MV
2018-12-24,12150,12191.866626799661,,STB,DIY,MV
2018-12-25,11950,12070.93331339983,,STB,DIY,MV
2018-12-26,11950,12010.466656699915,,STB,DIY,MV
2018-12-27,12000,12005.233328349957,,STB,DIY,MV
2018-12-28,11950,11977.616664174979,,STB,DIY,MV
2019-01-02,11600,11788.80833208749,,STB,DIY,MV
2019-01-03,11100,11444.404166043745,,STB,DIY,MV
2019-01-04,11150,11297.202083021872,,STB,DIY,MV
2019-01-07,11500,11398.601041510936,,STB,DIY,MV
2019-01-08,11350,11374.300520755467,,STB,DIY,MV
2019-01-09,11400,11387.150260377734,,STB,DIY,MV
2019-01-10,11400,11393.575130188867,,STB,DIY,MV
2019-01-11,11400,11396.787565094433,,STB,DIY,MV
2019-01-14,11200,11298.393782547217,,STB,DIY,MV
2019-01-15,11300,11299.196891273608,,STB,DIY,MV
2019-01-16,11300,11299.598445636804,,STB,DIY,MV
2019-01-17,11200,11249.799222818401,,STB,DIY,MV
2019-01-18,11250,11249.8996114092,,STB,DIY,MV
2019-01-21,11700,11474.9498057046,,STB,DIY,MV
2019-01-22,11750,11612.4749028523,,STB,DIY,MV
2019-01-23,12150,11881.23745142615,,STB,DIY,MV
2019-01-24,12200,12040.618725713075,,STB,DIY,MV
2019-01-25,12300,12170.309362856537,,STB,DIY,MV
2019-01-28,12250,12210.154681428268,,STB,DIY,MV
2019-01-29,12150,12180.077340714135,,STB,DIY,MV
2019-01-30,12000,12090.038670357068,,STB,DIY,MV
2019-01-31,12300,12195.019335178535,,STB,DIY,MV
2019-02-01,12400,12297.509667589267,,STB,DIY,MV
2019-02-11,12950,12623.754833794634,,STB,DIY,MV
2019-02-12,13000,12811.877416897318,,STB,DIY,MV
2019-02-13,13000,12905.938708448659,,STB,DIY,MV
2019-02-14,12950,12927.96935422433,,STB,DIY,MV
2019-02-15,13000,12963.984677112165,,STB,DIY,MV
2019-02-18,13100,13031.992338556083,,STB,DIY,MV
2019-02-19,12800,12915.996169278042,,STB,DIY,MV
2019-02-20,12900,12907.99808463902,,STB,DIY,MV
2019-02-21,13000,12953.99904231951,,STB,DIY,MV
2019-02-22,13050,13001.999521159756,,STB,DIY,MV
2019-02-25,12900,12950.999760579878,,STB,DIY,MV
2019-02-26,12800,12875.499880289939,,STB,DIY,MV
2019-02-27,12700,12787.74994014497,,STB,DIY,MV
2019-02-28,12300,12543.874970072484,,STB,DIY,MV
2019-03-01,12650,12596.937485036242,,STB,DIY,MV
2019-03-04,12750,12673.468742518122,,STB,DIY,MV
2019-03-05,12700,12686.734371259061,,STB,DIY,MV
2019-03-06,12650,12668.36718562953,,STB,DIY,MV
2019-03-07,12800,12734.183592814765,,STB,DIY,MV
2019-03-08,12600,12667.091796407381,,STB,DIY,MV
2019-03-11,12550,12608.54589820369,,STB,DIY,MV
2019-03-12,12700,12654.272949101845,,STB,DIY,MV
2019-03-13,12800,12727.136474550924,,STB,DIY,MV
2019-03-14,13000,12863.568237275462,,STB,DIY,MV
2019-03-15,12950,12906.78411863773,,STB,DIY,MV
2019-03-18,12850,12878.392059318865,,STB,DIY,MV
2019-03-19,12700,12789.196029659433,,STB,DIY,MV
2019-03-20,12800,12794.598014829717,,STB,DIY,MV
2019-03-21,12500,12647.299007414858,,STB,DIY,MV
2019-03-22,12550,12598.64950370743,,STB,DIY,MV
2019-03-25,12250,12424.324751853714,,STB,DIY,MV
2019-03-26,12300,12362.162375926857,,STB,DIY,MV
2019-03-27,12350,12356.081187963428,,STB,DIY,MV
2019-03-28,12150,12253.040593981714,,STB,DIY,MV
2019-03-29,12200,12226.520296990857,,STB,DIY,MV
2019-04-01,12400,12313.260148495428,,STB,DIY,MV
2019-04-02,12200,12256.630074247714,,STB,DIY,MV
2019-04-03,12250,12253.315037123857,,STB,DIY,MV
2019-04-04,12300,12276.65751856193,,STB,DIY,MV
2019-04-05,12250,12263.328759280965,,STB,DIY,MV
2019-04-08,12250,12256.664379640482,,STB,DIY,MV
2019-04-09,12250,12253.332189820241,,STB,DIY,MV
2019-04-10,12100,12176.66609491012,,STB,DIY,MV
2019-04-11,12050,12113.33304745506,,STB,DIY,MV
2019-04-12,12100,12106.66652372753,,STB,DIY,MV
2019-04-16,12050,12078.333261863765,,STB,DIY,MV
2019-04-17,11900,11989.166630931883,,STB,DIY,MV
2019-04-18,11750,11869.583315465941,,STB,DIY,MV
2019-04-19,11750,11809.79165773297,,STB,DIY,MV
2019-04-22,11550,11679.895828866485,,STB,DIY,MV
2019-04-23,12050,11864.947914433244,,STB,DIY,MV
2019-04-24,12050,11957.473957216622,,STB,DIY,MV
2019-04-25,11850,11903.73697860831,,STB,DIY,MV
2019-04-26,11950,11926.868489304155,,STB,DIY,MV
2019-05-02,11900,11913.434244652079,,STB,DIY,MV
2019-05-03,12350,12131.71712232604,,STB,DIY,MV
2019-05-06,12050,12090.858561163019,,STB,DIY,MV
2019-05-07,12100,12095.42928058151,,STB,DIY,MV
2019-05-08,12150,12122.714640290755,,STB,DIY,MV
2019-05-09,11900,12011.357320145376,,STB,DIY,MV
2019-05-10,12000,12005.678660072688,,STB,DIY,MV
2019-05-13,11950,11977.839330036344,,STB,DIY,MV
2019-05-14,11900,11938.919665018173,,STB,DIY,MV
2019-05-15,12050,11994.459832509086,,STB,DIY,MV
2019-05-16,12000,11997.229916254542,,STB,DIY,MV
2019-05-17,11950,11973.614958127271,,STB,DIY,MV
2019-05-20,11950,11961.807479063635,,STB,DIY,MV
2019-05-21,12050,12005.903739531817,,STB,DIY,MV
2019-05-22,12050,12027.951869765908,,STB,DIY,MV
2019-05-23,12000,12013.975934882954,,STB,DIY,MV
2019-05-24,11800,11906.987967441477,,STB,DIY,MV
2019-05-27,11800,11853.493983720738,,STB,DIY,MV
2019-05-28,11800,11826.74699186037,,STB,DIY,MV
2019-05-29,11750,11788.373495930184,,STB,DIY,MV
2019-05-30,11800,11794.186747965092,,STB,DIY,MV
2019-05-31,11750,11772.093373982545,,STB,DIY,MV
2019-06-03,11600,11686.046686991273,,STB,DIY,MV
2019-06-04,11600,11643.023343495635,,STB,DIY,MV
2019-06-05,11650,11646.511671747818,,STB,DIY,MV
2019-06-06,11550,11598.255835873908,,STB,DIY,MV
2019-06-07,11750,11674.127917936954,,STB,DIY,MV
2019-06-10,11800,11737.063958968476,,STB,DIY,MV
2019-06-11,11700,11718.531979484238,,STB,DIY,MV
2019-06-12,11650,11684.265989742118,,STB,DIY,MV
2019-06-13,11600,11642.132994871059,,STB,DIY,MV
2019-06-14,11650,11646.06649743553,,STB,DIY,MV
2019-06-17,11450,11548.033248717766,,STB,DIY,MV
2019-06-18,11200,11374.016624358883,,STB,DIY,MV
2019-06-19,11300,11337.008312179441,,STB,DIY,MV
2019-06-20,11500,11418.50415608972,,STB,DIY,MV
2019-06-21,11450,11434.252078044861,,STB,DIY,MV
2019-06-24,11700,11567.12603902243,,STB,DIY,MV
2019-06-25,11650,11608.563019511215,,STB,DIY,MV
2019-06-26,11500,11554.281509755609,,STB,DIY,MV
2019-06-27,11300,11427.140754877804,,STB,DIY,MV
2019-06-28,11350,11388.570377438902,,STB,DIY,MV
2019-07-01,11550,11469.285188719452,,STB,DIY,MV
2019-07-02,11450,11459.642594359726,,STB,DIY,MV
2019-07-03,11350,11404.821297179864,,STB,DIY,MV
2019-07-04,11450,11427.410648589932,,STB,DIY,MV
2019-07-05,11400,11413.705324294966,,STB,DIY,MV
2019-07-08,11400,11406.852662147483,,STB,DIY,MV
2019-07-09,11350,11378.42633107374,,STB,DIY,MV
2019-07-10,11450,11414.21316553687,,STB,DIY,MV
2019-07-11,11500,11457.106582768436,,STB,DIY,MV
2019-07-12,11400,11428.553291384218,,STB,DIY,MV
2019-07-15,11350,11389.276645692109,,STB,DIY,MV
2019-07-16,11400,11394.638322846055,,STB,DIY,MV
2019-07-17,11550,11472.319161423027,,STB,DIY,MV
2019-07-18,11550,11511.159580711514,,STB,DIY,MV
2019-07-19,11700,11605.579790355758,,STB,DIY,MV
2019-07-22,11500,11552.789895177879,,STB,DIY,MV
2019-07-23,11500,11526.394947588939,,STB,DIY,MV
2019-07-24,11350,11438.19747379447,,STB,DIY,MV
2019-07-25,11200,11319.098736897235,,STB,DIY,MV
2019-07-26,11150,11234.549368448617,,STB,DIY,MV
2019-07-29,10950,11092.274684224309,,STB,DIY,MV
2019-07-30,10850,10971.137342112153,,STB,DIY,MV
2019-07-31,10700,10835.568671056077,,STB,DIY,MV
2019-08-01,10500,10667.784335528038,,STB,DIY,MV
2019-08-02,10600,10633.89216776402,,STB,DIY,MV
2019-08-05,10450,10541.946083882009,,STB,DIY,MV
2019-08-06,10450,10495.973041941004,,STB,DIY,MV
2019-08-07,10400,10447.986520970502,,STB,DIY,MV
2019-08-08,10450,10448.993260485251,,STB,DIY,MV
2019-08-09,10350,10399.496630242626,,STB,DIY,MV
2019-08-12,10350,10374.748315121313,,STB,DIY,MV
2019-08-13,10200,10287.374157560656,,STB,DIY,MV
2019-08-14,10150,10218.687078780327,,STB,DIY,MV
2019-08-15,10350,10284.343539390164,,STB,DIY,MV
2019-08-16,10300,10292.171769695082,,STB,DIY,MV
2019-08-19,10250,10271.08588484754,,STB,DIY,MV
2019-08-20,10300,10285.54294242377,,STB,DIY,MV
2019-08-21,10250,10267.771471211885,,STB,DIY,MV
2019-08-22,10300,10283.885735605942,,STB,DIY,MV
2019-08-23,10700,10491.94286780297,,STB,DIY,MV
2019-08-26,10550,10520.971433901486,,STB,DIY,MV
2019-08-27,10450,10485.485716950743,,STB,DIY,MV
2019-08-28,10350,10417.742858475372,,STB,DIY,MV
2019-08-29,10350,10383.871429237686,,STB,DIY,MV
2019-08-30,10400,10391.935714618843,,STB,DIY,MV
2019-09-03,10200,10295.96785730942,,STB,DIY,MV
2019-09-04,10150,10222.98392865471,,STB,DIY,MV
2019-09-05,10150,10186.491964327355,,STB,DIY,MV
2019-09-06,10150,10168.245982163677,,STB,DIY,MV
2019-09-09,10100,10134.122991081838,,STB,DIY,MV
2019-09-10,10050,10092.061495540918,,STB,DIY,MV
2019-09-11,10050,10071.03074777046,,STB,DIY,MV
2019-09-12,10150,10110.51537388523,,STB,DIY,MV
2019-09-13,10350,10230.257686942616,,STB,DIY,MV
2019-09-16,10350,10290.128843471308,,STB,DIY,MV
2019-09-17,10200,10245.064421735653,,STB,DIY,MV
2019-09-18,10200,10222.532210867827,,STB,DIY,MV
2019-09-19,10550,10386.266105433913,,STB,DIY,MV
2019-09-20,10350,10368.133052716956,,STB,DIY,MV
2019-09-23,10550,10459.066526358478,,STB,DIY,MV
2019-09-24,10500,10479.533263179239,,STB,DIY,MV
2019-09-25,10600,10539.76663158962,,STB,DIY,MV
2019-09-26,10700,10619.88331579481,,STB,DIY,MV
2019-09-27,10650,10634.941657897405,,STB,DIY,MV
2019-09-30,10550,10592.470828948703,,STB,DIY,MV
2019-10-01,10500,10546.235414474351,,STB,DIY,MV
2019-10-02,10400,10473.117707237176,,STB,DIY,MV
2019-10-03,10500,10486.558853618588,,STB,DIY,MV
2019-10-04,10400,10443.279426809295,,STB,DIY,MV
2019-10-07,10500,10471.639713404647,,STB,DIY,MV
2019-10-08,11000,10735.819856702325,,STB,DIY,MV
2019-10-09,10900,10817.909928351162,,STB,DIY,MV
2019-10-10,10800,10808.95496417558,,STB,DIY,MV
2019-10-11,11000,10904.47748208779,,STB,DIY,MV
2019-10-14,11100,11002.238741043895,,STB,DIY,MV
2019-10-15,11050,11026.119370521948,,STB,DIY,MV
2019-10-16,11050,11038.059685260974,,STB,DIY,MV
2019-10-17,10900,10969.029842630487,,STB,DIY,MV
2019-10-18,10800,10884.514921315244,,STB,DIY,MV
2019-10-21,10950,10917.257460657622,,STB,DIY,MV
2019-10-22,11000,10958.628730328812,,STB,DIY,MV
2019-10-23,11000,10979.314365164406,,STB,DIY,MV
2019-10-24,10950,10964.657182582203,,STB,DIY,MV
2019-10-25,10900,10932.328591291101,,STB,DIY,MV
2019-10-28,10850,10891.16429564555,,STB,DIY,MV
2019-10-29,10650,10770.582147822775,,STB,DIY,MV
2019-10-30,10700,10735.291073911387,,STB,DIY,MV
2019-10-31,10800,10767.645536955693,,STB,DIY,MV
2019-11-01,10900,10833.822768477847,,STB,DIY,MV
2019-11-04,10900,10866.911384238923,,STB,DIY,MV
2019-11-05,10950,10908.455692119462,,STB,DIY,MV
2019-11-06,11000,10954.22784605973,,STB,DIY,MV
2019-11-07,10900,10927.113923029865,,STB,DIY,MV
2019-11-08,10850,10888.556961514932,,STB,DIY,MV
2019-11-11,10800,10844.278480757466,,STB,DIY,MV
2019-11-12,10750,10797.139240378732,,STB,DIY,MV
2019-11-13,10800,10798.569620189366,,STB,DIY,MV
2019-11-14,10700,10749.284810094683,,STB,DIY,MV
2019-11-15,10700,10724.642405047342,,STB,DIY,MV
2019-11-18,10600,10662.321202523672,,STB,DIY,MV
2019-11-19,10600,10631.160601261836,,STB,DIY,MV
2019-11-20,10400,10515.580300630918,,STB,DIY,MV
2019-11-21,10200,10357.790150315459,,STB,DIY,MV
2019-11-22,10250,10303.895075157729,,STB,DIY,MV
2019-11-25,10150,10226.947537578864,,STB,DIY,MV
2019-11-26,10150,10188.473768789432,,STB,DIY,MV
2019-11-27,10100,10144.236884394715,,STB,DIY,MV
2019-11-28,10100,10122.118442197358,,STB,DIY,MV
2019-11-29,10100,10111.05922109868,,STB,DIY,MV
2019-12-02,10000,10055.52961054934,,STB,DIY,MV
2019-12-03,9750,9902.76480527467,,STB,DIY,MV
2019-12-04,10100,10001.382402637335,,STB,DIY,MV
2019-12-05,10050,10025.691201318667,,STB,DIY,MV
2019-12-06,10000,10012.845600659333,,STB,DIY,MV
2019-12-09,9950,9981.422800329667,,STB,DIY,MV
2019-12-10,10050,10015.711400164833,,STB,DIY,MV
2019-12-11,10050,10032.855700082417,,STB,DIY,MV
2019-12-12,10100,10066.427850041207,,STB,DIY,MV
2019-12-13,10050,10058.213925020604,,STB,DIY,MV
2019-12-16,10050,10054.106962510301,,STB,DIY,MV
2019-12-17,10050,10052.05348125515,,STB,DIY,MV
2019-12-18,9940,9996.026740627574,,STB,DIY,MV
2019-12-19,9930,9963.013370313787,,STB,DIY,MV
2019-12-20,10000,9981.506685156894,,STB,DIY,MV
2019-12-23,10200,10090.753342578446,,STB,DIY,MV
2019-12-24,10100,10095.376671289223,,STB,DIY,MV
2019-12-25,10100,10097.688335644612,,STB,DIY,MV
2019-12-26,10100,10098.844167822306,,STB,DIY,MV
2019-12-27,10150,10124.422083911153,,STB,DIY,MV
2019-12-30,10100,10112.211041955576,,STB,DIY,MV
2019-12-31,10050,10081.105520977788,,STB,DIY,MV
2020-01-02,10200,10140.552760488894,,STB,DIY,MV
2020-01-03,10200,10170.276380244446,,STB,DIY,MV
2020-01-06,10050,10110.138190122223,,STB,DIY,MV
2020-01-07,10150,10130.069095061112,,STB,DIY,MV
2020-01-08,9980,10055.034547530555,,STB,DIY,MV
2020-01-09,10150,10102.517273765277,,STB,DIY,MV
2020-01-10,10500,10301.258636882638,,STB,DIY,MV
2020-01-13,10400,10350.629318441319,,STB,DIY,MV
2020-01-14,10300,10325.31465922066,,STB,DIY,MV
2020-01-15,10250,10287.65732961033,,STB,DIY,MV
2020-01-16,10400,10343.828664805165,,STB,DIY,MV
2020-01-17,10600,10471.914332402583,,STB,DIY,MV
2020-01-20,10700,10585.957166201291,,STB,DIY,MV
2020-01-21,10900,10742.978583100645,,STB,DIY,MV
2020-01-22,10900,10821.489291550322,,STB,DIY,MV
2020-01-30,10350,10585.744645775161,,STB,DIY,MV
2020-01-31,10200,10392.87232288758,,STB,DIY,MV
2020-02-03,10250,10321.436161443791,,STB,DIY,MV
2020-02-04,10200,10260.718080721896,,STB,DIY,MV
2020-02-05,10250,10255.359040360949,,STB,DIY,MV
2020-02-06,10950,10602.679520180474,,STB,DIY,MV
2020-02-07,11150,10876.339760090237,,STB,DIY,MV
2020-02-10,10950,10913.16988004512,,STB,DIY,MV
2020-02-11,11350,11131.58494002256,,STB,DIY,MV
2020-02-12,11550,11340.79247001128,,STB,DIY,MV
2020-02-13,11500,11420.396235005639,,STB,DIY,MV
2020-02-14,11600,11510.19811750282,,STB,DIY,MV
2020-02-17,11650,11580.09905875141,,STB,DIY,MV
2020-02-18,11550,11565.049529375705,,STB,DIY,MV
2020-02-19,11400,11482.524764687852,,STB,DIY,MV
2020-02-20,11300,11391.262382343926,,STB,DIY,MV
2020-02-21,11300,11345.631191171964,,STB,DIY,MV
2020-02-24,10850,11097.815595585982,,STB,DIY,MV
2020-02-25,11150,11123.907797792992,,STB,DIY,MV
2020-02-26,11200,11161.953898896496,,STB,DIY,MV
2020-02-27,11650,11405.976949448248,,STB,DIY,MV
2020-02-28,11600,11502.988474724123,,STB,DIY,MV
2020-03-02,12350,11926.494237362062,,STB,DIY,MV
2020-03-03,12250,12088.24711868103,,STB,DIY,MV
2020-03-04,12500,12294.123559340514,,STB,DIY,MV
2020-03-05,12200,12247.061779670257,,STB,DIY,MV
2020-03-06,12250,12248.530889835129,,STB,DIY,MV
2020-03-09,11400,11824.265444917564,,STB,DIY,MV
2020-03-10,11400,11612.132722458782,,STB,DIY,MV
2020-03-11,10650,11131.06636122939,,STB,DIY,MV
2020-03-12,9950,10540.533180614695,,STB,DIY,MV
2020-03-13,10400,10470.266590307347,,STB,DIY,MV
2020-03-16,9990,10230.133295153673,,STB,DIY,MV
2020-03-17,10200,10215.066647576838,,STB,DIY,MV
2020-03-18,10000,10107.533323788419,,STB,DIY,MV
2020-03-19,9750,9928.76666189421,,STB,DIY,MV
2020-03-20,9800,9864.383330947105,,STB,DIY,MV
2020-03-23,9120,9492.191665473552,,STB,DIY,MV
2020-03-24,8800,9146.095832736777,,STB,DIY,MV
2020-03-25,9110,9128.047916368389,,STB,DIY,MV
2020-03-26,8700,8914.023958184194,,STB,DIY,MV
2020-03-27,8210,8562.011979092098,,STB,DIY,MV
2020-03-30,7640,8101.005989546049,,STB,DIY,MV
2020-03-31,7300,7700.5029947730245,,STB,DIY,MV
2020-04-01,7810,7755.251497386513,,STB,DIY,MV
2020-04-03,8350,8052.625748693256,,STB,DIY,MV
2020-04-06,8930,8491.312874346628,,STB,DIY,MV
2020-04-07,9180,8835.656437173315,,STB,DIY,MV
2020-04-08,9280,9057.828218586657,,STB,DIY,MV
2020-04-09,9190,9123.914109293328,,STB,DIY,MV
2020-04-10,9010,9066.957054646664,,STB,DIY,MV
2020-04-13,9040,9053.478527323332,,STB,DIY,MV
2020-04-14,9160,9106.739263661666,,STB,DIY,MV
2020-04-15,9700,9403.369631830832,,STB,DIY,MV
2020-04-16,9720,9561.684815915416,,STB,DIY,MV
2020-04-17,9730,9645.842407957709,,STB,DIY,MV
2020-04-20,9550,9597.921203978854,,STB,DIY,MV
2020-04-21,8990,9293.960601989427,,STB,DIY,MV
2020-04-22,9170,9231.980300994714,,STB,DIY,MV
2020-04-23,9150,9190.990150497357,,STB,DIY,MV
2020-04-24,9100,9145.495075248678,,STB,DIY,MV
2020-04-27,8990,9067.747537624338,,STB,DIY,MV
2020-04-28,8980,9023.87376881217,,STB,DIY,MV
2020-04-29,9100,9061.936884406085,,STB,DIY,MV
2020-05-04,8980,9020.968442203042,,STB,DIY,MV
2020-05-05,8970,8995.48422110152,,STB,DIY,MV
2020-05-06,9140,9067.74211055076,,STB,DIY,MV
2020-05-07,9340,9203.87105527538,,STB,DIY,MV
2020-05-08,9520,9361.93552763769,,STB,DIY,MV
2020-05-11,9690,9525.967763818844,,STB,DIY,MV
2020-05-12,9700,9612.983881909422,,STB,DIY,MV
2020-05-13,9960,9786.491940954711,,STB,DIY,MV
2020-05-14,10050,9918.245970477356,,STB,DIY,MV
2020-05-15,9800,9859.122985238679,,STB,DIY,MV
2020-05-18,9730,9794.56149261934,,STB,DIY,MV
2020-05-19,9900,9847.280746309669,,STB,DIY,MV
2020-05-20,10400,10123.640373154834,,STB,DIY,MV
2020-05-21,10500,10311.820186577417,,STB,DIY,MV
2020-05-22,10200,10255.910093288709,,STB,DIY,MV
2020-05-25,10250,10252.955046644354,,STB,DIY,MV
2020-05-26,10400,10326.477523322177,,STB,DIY,MV
2020-05-27,10100,10213.238761661089,,STB,DIY,MV
2020-05-28,10300,10256.619380830543,,STB,DIY,MV
2020-05-29,10300,10278.309690415272,,STB,DIY,MV
2020-06-01,10750,10514.154845207635,,STB,DIY,MV
2020-06-02,10500,10507.077422603817,,STB,DIY,MV
2020-06-03,10650,10578.53871130191,,STB,DIY,MV
2020-06-04,10600,10589.269355650955,,STB,DIY,MV
2020-06-05,10550,10569.634677825477,,STB,DIY,MV
2020-06-08,10700,10634.817338912739,,STB,DIY,MV
2020-06-09,10750,10692.40866945637,,STB,DIY,MV
2020-06-10,11500,11096.204334728185,,STB,DIY,MV
2020-06-11,11050,11073.102167364093,,STB,DIY,MV
2020-06-12,11800,11436.551083682047,,STB,DIY,MV
2020-06-15,12050,11743.275541841023,,STB,DIY,MV
2020-06-16,11900,11821.637770920512,,STB,DIY,MV
2020-06-17,11600,11710.818885460256,,STB,DIY,MV
2020-06-18,11400,11555.409442730128,,STB,DIY,MV
2020-06-19,11900,11727.704721365064,,STB,DIY,MV
2020-06-22,11700,11713.852360682533,,STB,DIY,MV
2020-06-23,11550,11631.926180341266,,STB,DIY,MV
2020-06-24,11200,11415.963090170633,,STB,DIY,MV
2020-06-25,11450,11432.981545085317,,STB,DIY,MV
2020-06-26,11300,11366.490772542658,,STB,DIY,MV
2020-06-29,10950,11158.24538627133,,STB,DIY,MV
2020-06-30,10750,10954.122693135665,,STB,DIY,MV
2020-07-01,11200,11077.061346567833,,STB,DIY,MV
2020-07-02,11050,11063.530673283916,,STB,DIY,MV
2020-07-03,11000,11031.765336641958,,STB,DIY,MV
2020-07-06,11550,11290.882668320979,,STB,DIY,MV
2020-07-07,11450,11370.441334160489,,STB,DIY,MV
2020-07-08,11500,11435.220667080244,,STB,DIY,MV
2020-07-09,11800,11617.610333540122,,STB,DIY,MV
2020-07-10,11550,11583.80516677006,,STB,DIY,MV
2020-07-13,11450,11516.90258338503,,STB,DIY,MV
2020-07-14,11550,11533.451291692516,,STB,DIY,MV
2020-07-15,11550,11541.725645846258,,STB,DIY,MV
2020-07-16,11600,11570.862822923129,,STB,DIY,MV
2020-07-17,11600,11585.431411461564,,STB,DIY,MV
2020-07-20,11450,11517.715705730781,,STB,DIY,MV
2020-07-21,11500,11508.85785286539,,STB,DIY,MV
2020-07-22,11300,11404.428926432694,,STB,DIY,MV
2020-07-23,11250,11327.214463216347,,STB,DIY,MV
2020-07-24,10900,11113.607231608174,,STB,DIY,MV
2020-07-27,10150,10631.803615804087,,STB,DIY,MV
2020-07-28,10550,10590.901807902042,,STB,DIY,MV
2020-07-29,10150,10370.450903951021,,STB,DIY,MV
2020-07-30,10200,10285.225451975512,,STB,DIY,MV
2020-07-31,10100,10192.612725987756,,STB,DIY,MV
2020-08-03,10350,10271.306362993877,,STB,DIY,MV
2020-08-04,10500,10385.653181496938,,STB,DIY,MV
2020-08-05,10650,10517.82659074847,,STB,DIY,MV
2020-08-06,10500,10508.913295374234,,STB,DIY,MV
2020-08-07,10450,10479.456647687117,,STB,DIY,MV
2020-08-10,10600,10539.72832384356,,STB,DIY,MV
2020-08-11,10650,10594.86416192178,,STB,DIY,MV
2020-08-12,10750,10672.43208096089,,STB,DIY,MV
2020-08-13,10850,10761.216040480445,,STB,DIY,MV
2020-08-14,10700,10730.608020240223,,STB,DIY,MV
2020-08-17,10650,10690.304010120111,,STB,DIY,MV
2020-08-18,10750,10720.152005060056,,STB,DIY,MV
2020-08-19,10800,10760.076002530028,,STB,DIY,MV
2020-08-20,10650,10705.038001265013,,STB,DIY,MV
2020-08-21,11050,10877.519000632507,,STB,DIY,MV
2020-08-24,11300,11088.759500316253,,STB,DIY,MV
2020-08-25,11250,11169.379750158127,,STB,DIY,MV
2020-08-26,11200,11184.689875079064,,STB,DIY,MV
2020-08-27,11300,11242.344937539532,,STB,DIY,MV
2020-08-28,11350,11296.172468769766,,STB,DIY,MV
2020-08-31,11200,11248.086234384882,,STB,DIY,MV
2020-09-01,11300,11274.043117192441,,STB,DIY,MV
2020-09-03,11400,11337.021558596221,,STB,DIY,MV
2020-09-04,11300,11318.51077929811,,STB,DIY,MV
2020-09-07,11200,11259.255389649055,,STB,DIY,MV
2020-09-08,11250,11254.627694824529,,STB,DIY,MV
2020-09-09,11300,11277.313847412264,,STB,DIY,MV
2020-09-10,11200,11238.656923706132,,STB,DIY,MV
2020-09-11,11150,11194.328461853067,,STB,DIY,MV
2020-09-14,11300,11247.164230926533,,STB,DIY,MV
2020-09-15,11600,11423.582115463267,,STB,DIY,MV
2020-09-16,11550,11486.791057731632,,STB,DIY,MV
2020-09-17,11450,11468.395528865816,,STB,DIY,MV
2020-09-18,11650,11559.197764432909,,STB,DIY,MV
2020-09-21,11750,11654.598882216455,,STB,DIY,MV
2020-09-22,12550,12102.299441108227,,STB,DIY,MV
2020-09-23,12650,12376.149720554113,,STB,DIY,MV
2020-09-24,12450,12413.074860277056,,STB,DIY,MV
2020-09-25,13300,12856.537430138527,,STB,DIY,MV
2020-09-28,13800,13328.268715069264,,STB,DIY,MV
2020-09-29,13300,13314.134357534633,,STB,DIY,MV
2020-09-30,13800,13557.067178767316,,STB,DIY,MV
2020-10-01,13750,13653.533589383658,,STB,DIY,MV
2020-10-02,13450,13551.76679469183,,STB,DIY,MV
2020-10-05,13700,13625.883397345915,,STB,DIY,MV
2020-10-06,14200,13912.941698672958,,STB,DIY,MV
2020-10-07,13700,13806.470849336478,,STB,DIY,MV
2020-10-08,13550,13678.235424668239,,STB,DIY,MV
2020-10-09,13550,13614.117712334119,,STB,DIY,MV
2020-10-12,13300,13457.05885616706,,STB,DIY,MV
2020-10-13,13450,13453.52942808353,,STB,DIY,MV
2020-10-14,13500,13476.764714041765,,STB,DIY,MV
2020-10-15,13850,13663.382357020882,,STB,DIY,MV
2020-10-16,13750,13706.691178510442,,STB,DIY,MV
2020-10-19,14100,13903.345589255221,,STB,DIY,MV
2020-10-20,14200,14051.672794627611,,STB,DIY,MV
2020-10-21,14400,14225.836397313806,,STB,DIY,MV
2020-10-22,14600,14412.918198656902,,STB,DIY,MV
2020-10-23,14550,14481.459099328451,,STB,DIY,MV
2020-10-26,14100,14290.729549664225,,STB,DIY,MV
2020-10-27,13300,13795.364774832113,,STB,DIY,MV
2020-10-28,13100,13447.682387416056,,STB,DIY,MV
2020-10-29,13500,13473.841193708027,,STB,DIY,MV
2020-10-30,13300,13386.920596854014,,STB,DIY,MV
2020-11-02,13450,13418.460298427006,,STB,DIY,MV
2020-11-03,13600,13509.230149213503,,STB,DIY,MV
2020-11-04,13650,13579.61507460675,,STB,DIY,MV
2020-11-05,13350,13464.807537303375,,STB,DIY,MV
2020-11-06,13350,13407.403768651688,,STB,DIY,MV
2020-11-09,13700,13553.701884325845,,STB,DIY,MV
2020-11-10,13600,13576.850942162922,,STB,DIY,MV
2020-11-11,13600,13588.42547108146,,STB,DIY,MV
2020-11-12,13700,13644.21273554073,,STB,DIY,MV
2020-11-13,13900,13772.106367770364,,STB,DIY,MV
2020-11-16,13650,13711.053183885182,,STB,DIY,MV
2020-11-17,13850,13780.526591942591,,STB,DIY,MV
2020-11-18,14200,13990.263295971296,,STB,DIY,MV
2020-11-19,14200,14095.131647985647,,STB,DIY,MV
2020-11-20,14150,14122.565823992823,,STB,DIY,MV
2020-11-23,14600,14361.282911996412,,STB,DIY,MV
2020-11-24,14500,14430.641455998206,,STB,DIY,MV
2020-11-25,14350,14390.320727999104,,STB,DIY,MV
2020-11-26,14500,14445.160363999552,,STB,DIY,MV
2020-11-27,14500,14472.580181999776,,STB,DIY,MV
2020-11-30,14650,14561.290090999888,,STB,DIY,MV
2020-12-01,15450,15005.645045499943,,STB,DIY,MV
2020-12-02,15400,15202.822522749972,,STB,DIY,MV
2020-12-03,15650,15426.411261374986,,STB,DIY,MV
2020-12-04,15600,15513.205630687493,,STB,DIY,MV
2020-12-07,15550,15531.602815343747,,STB,DIY,MV
2020-12-08,15850,15690.801407671874,,STB,DIY,MV
2020-12-09,15900,15795.400703835938,,STB,DIY,MV
2020-12-10,15550,15672.700351917969,,STB,DIY,MV
2020-12-11,15800,15736.350175958985,,STB,DIY,MV
2020-12-14,15950,15843.175087979493,,STB,DIY,MV
2020-12-15,15950,15896.587543989746,,STB,DIY,MV
2020-12-16,16600,16248.293771994873,,STB,DIY,MV
2020-12-17,16600,16424.146885997437,,STB,DIY,MV
2020-12-18,17000,16712.07344299872,,STB,DIY,MV
2020-12-21,17000,16856.03672149936,,STB,DIY,MV
2020-12-22,17150,17003.01836074968,,STB,DIY,MV
2020-12-23,16700,16851.50918037484,,STB,DIY,MV
2020-12-24,16500,16675.75459018742,,STB,DIY,MV
2020-12-25,16950,16812.87729509371,,STB,DIY,MV
2020-12-28,16750,16781.438647546856,,STB,DIY,MV
2020-12-29,16700,16740.71932377343,,STB,DIY,MV
2020-12-30,16800,16770.359661886716,,STB,DIY,MV
2020-12-31,16900,16835.179830943358,,STB,DIY,MV
2021-01-04,17550,17192.58991547168,,STB,DIY,MV
2021-01-05,17700,17446.294957735838,,STB,DIY,MV
2021-01-06,18000,17723.14747886792,,STB,DIY,MV
2021-01-07,18450,18086.57373943396,,STB,DIY,MV
2021-01-08,19400,18743.28686971698,,STB,DIY,MV
2021-01-11,20100,19421.643434858488,,STB,DIY,MV
2021-01-12,19800,19610.821717429244,,STB,DIY,MV
2021-01-13,19500,19555.410858714622,,STB,DIY,MV
2021-01-14,20100,19827.70542935731,,STB,DIY,MV
2021-01-15,21100,20463.852714678655,,STB,DIY,MV
2021-01-18,20600,20531.926357339325,,STB,DIY,MV
2021-01-19,19200,19865.963178669663,,STB,DIY,MV
2021-01-20,19000,19432.98158933483,,STB,DIY,MV
2021-01-21,20000,19716.490794667414,,STB,DIY,MV
2021-01-22,19950,19833.245397333707,,STB,DIY,MV
2021-01-25,19350,19591.622698666855,,STB,DIY,MV
2021-01-26,18100,18845.811349333428,,STB,DIY,MV
2021-01-27,17250,18047.905674666712,,STB,DIY,MV
2021-01-28,16050,17048.952837333356,,STB,DIY,MV
2021-01-29,16900,16974.47641866668,,STB,DIY,MV
2021-02-01,16100,16537.23820933334,,STB,DIY,MV
2021-02-02,17150,16843.61910466667,,STB,DIY,MV
2021-02-03,18000,17421.809552333336,,STB,DIY,MV
2021-02-04,17600,17510.904776166666,,STB,DIY,MV
2021-02-05,18300,17905.452388083333,,STB,DIY,MV
2021-02-08,17400,17652.726194041665,,STB,DIY,MV
2021-02-09,18150,17901.363097020832,,STB,DIY,MV
2021-02-17,18750,18325.681548510416,,STB,DIY,MV
2021-02-18,18600,18462.840774255208,,STB,DIY,MV
2021-02-19,18700,18581.420387127604,,STB,DIY,MV
2021-02-22,18600,18590.710193563802,,STB,DIY,MV
2021-02-23,18800,18695.355096781903,,STB,DIY,MV
2021-02-24,18350,18522.67754839095,,STB,DIY,MV
2021-02-25,18500,18511.338774195476,,STB,DIY,MV
2021-02-26,18350,18430.66938709774,,STB,DIY,MV
2021-03-01,19100,18765.33469354887,,STB,DIY,MV
2021-03-02,19150,18957.667346774433,,STB,DIY,MV
2021-03-03,19000,18978.833673387217,,STB,DIY,MV
2021-03-04,18350,18664.416836693606,,STB,DIY,MV
2021-03-05,18700,18682.208418346803,,STB,DIY,MV
2021-03-08,18600,18641.1042091734,,STB,DIY,MV
2021-03-09,18550,18595.5521045867,,STB,DIY,MV
2021-03-10,18700,18647.77605229335,,STB,DIY,MV
2021-03-11,19300,18973.888026146677,,STB,DIY,MV
2021-03-12,19200,19086.94401307334,,STB,DIY,MV
2021-03-15,18900,18993.47200653667,,STB,DIY,MV
2021-03-16,18900,18946.736003268335,,STB,DIY,MV
2021-03-17,19600,19273.368001634168,,STB,DIY,MV
2021-03-18,19700,19486.684000817084,,STB,DIY,MV
2021-03-19,19600,19543.342000408542,,STB,DIY,MV
2021-03-22,19200,19371.67100020427,,STB,DIY,MV
2021-03-23,18800,19085.835500102134,,STB,DIY,MV
2021-03-24,18400,18742.917750051067,,STB,DIY,MV
2021-03-25,18750,18746.458875025535,,STB,DIY,MV
2021-03-26,18950,18848.229437512768,,STB,DIY,MV
2021-03-29,19200,19024.114718756384,,STB,DIY,MV
2021-03-30,20500,19762.057359378192,,STB,DIY,MV
2021-03-31,21450,20606.028679689094,,STB,DIY,MV
2021-04-01,21600,21103.014339844547,,STB,DIY,MV
2021-04-02,22600,21851.507169922275,,STB,DIY,MV
2021-04-05,23150,22500.753584961138,,STB,DIY,MV
2021-04-06,22750,22625.37679248057,,STB,DIY,MV
2021-04-07,22300,22462.688396240286,,STB,DIY,MV
2021-04-08,22200,22331.344198120143,,STB,DIY,MV
2021-04-09,22700,22515.672099060073,,STB,DIY,MV
2021-04-12,23450,22982.836049530037,,STB,DIY,MV
2021-04-13,22700,22841.41802476502,,STB,DIY,MV
2021-04-14,22900,22870.70901238251,,STB,DIY,MV
2021-04-15,22350,22610.354506191255,,STB,DIY,MV
2021-04-16,22100,22355.17725309563,,STB,DIY,MV
2021-04-19,22900,22627.588626547815,,STB,DIY,MV
2021-04-20,22500,22563.79431327391,,STB,DIY,MV
2021-04-22,21000,21781.897156636955,,STB,DIY,MV
2021-04-23,22450,22115.94857831848,,STB,DIY,MV
2021-04-26,22550,22332.97428915924,,STB,DIY,MV
2021-04-27,23100,22716.48714457962,,STB,DIY,MV
2021-04-28,24200,23458.243572289808,,STB,DIY,MV
2021-04-29,23900,23679.121786144904,,STB,DIY,MV
2021-05-04,24100,23889.560893072452,,STB,DIY,MV
2021-05-05,24700,24294.780446536228,,STB,DIY,MV
2021-05-06,24400,24347.390223268114,,STB,DIY,MV
2021-05-07,24000,24173.695111634057,,STB,DIY,MV
2021-05-10,24300,24236.84755581703,,STB,DIY,MV
2021-05-11,24650,24443.423777908516,,STB,DIY,MV
2021-05-12,26350,25396.711888954258,,STB,DIY,MV
2021-05-13,26300,25848.35594447713,,STB,DIY,MV
2021-05-14,26400,26124.177972238565,,STB,DIY,MV
2021-05-17,25950,26037.088986119285,,STB,DIY,MV
2021-05-18,27300,26668.544493059642,,STB,DIY,MV
2021-05-19,28500,27584.27224652982,,STB,DIY,MV
2021-05-20,29400,28492.13612326491,,STB,DIY,MV
2021-05-21,28850,28671.068061632453,,STB,DIY,MV
2021-05-24,28900,28785.534030816227,,STB,DIY,MV
2021-05-25,29350,29067.767015408113,,STB,DIY,MV
2021-05-26,29500,29283.883507704057,,STB,DIY,MV
2021-05-27,29800,29541.94175385203,,STB,DIY,MV
2021-05-28,31850,30695.970876926014,,STB,DIY,MV
2021-05-31,33800,32247.98543846301,,STB,DIY,MV
2021-06-01,32400,32323.992719231504,,STB,DIY,MV
2021-06-02,32200,32261.996359615754,,STB,DIY,MV
2021-06-03,32750,32505.998179807877,,STB,DIY,MV
2021-06-04,32150,32327.99908990394,,STB,DIY,MV
2021-06-07,30700,31513.99954495197,,STB,DIY,MV
2021-06-08,28600,30056.999772475985,,STB,DIY,MV
2021-06-09,29600,29828.499886237994,,STB,DIY,MV
2021-06-10,28900,29364.249943118997,,STB,DIY,MV
2021-06-11,30500,29932.124971559497,,STB,DIY,MV
2021-06-14,30800,30366.06248577975,,STB,DIY,MV
2021-06-15,30100,30233.031242889876,,STB,DIY,MV
2021-06-16,29200,29716.515621444938,,STB,DIY,MV
2021-06-17,29400,29558.25781072247,,STB,DIY,MV
2021-06-18,29650,29604.128905361235,,STB,DIY,MV
2021-06-21,29850,29727.064452680617,,STB,DIY,MV
2021-06-22,30200,29963.532226340307,,STB,DIY,MV
2021-06-23,29750,29856.766113170153,,STB,DIY,MV
2021-06-24,29000,29428.383056585077,,STB,DIY,MV
2021-06-25,29500,29464.19152829254,,STB,DIY,MV
2021-06-28,30200,29832.09576414627,,STB,DIY,MV
2021-06-29,31000,30416.047882073137,,STB,DIY,MV
2021-06-30,30600,30508.02394103657,,STB,DIY,MV
2021-07-01,31000,30754.011970518284,,STB,DIY,MV
2021-07-02,31500,31127.005985259144,,STB,DIY,MV
2021-07-05,32600,31863.502992629572,,STB,DIY,MV
2021-07-06,30350,31106.751496314784,,STB,DIY,MV
2021-07-07,31050,31078.375748157392,,STB,DIY,MV
2021-07-08,30200,30639.187874078696,,STB,DIY,MV
2021-07-09,29100,29869.593937039346,,STB,DIY,MV
2021-07-12,28400,29134.796968519673,,STB,DIY,MV
2021-07-13,28700,28917.398484259837,28870.693660616333,STB,DIY,MV
2021-07-14,27400,28158.69924212992,28840.591417258976,STB,DIY,MV
2021-07-15,28800,28479.34962106496,28883.970047275387,STB,DIY,MV
2021-07-16,28450,28464.67481053248,28883.970047275387,STB,DIY,MV
2021-07-19,27500,27982.33740526624,28694.980998428273,STB,DIY,MV
2021-07-20,28100,28041.16870263312,28827.787346517944,STB,DIY,MV
2021-07-21,27850,27945.58435131656,28677.910046740886,STB,DIY,MV
2021-07-22,28000,27972.79217565828,28677.910046740886,STB,DIY,MV
2021-07-23,28700,28336.39608782914,28876.942848287603,STB,DIY,MV
2021-07-26,28700,28518.19804391457,28883.970047275387,STB,DIY,MV
2021-07-27,29100,28809.099021957285,28865.78319107975,STB,DIY,MV
2021-07-28,28900,28854.549510978643,28865.78319107975,STB,DIY,MV
2021-07-29,29300,29077.27475548932,28917.353160069568,STB,DIY,MV
2021-07-30,29900,29488.63737774466,29371.85047651174,STB,DIY,MV
2021-08-02,29300,29394.31868887233,29057.75218854291,STB,DIY,MV
2021-08-03,29800,29597.159344436164,29433.200372176452,STB,DIY,MV
2021-08-04,30650,30123.579672218082,29560.300120502736,STB,DIY,MV
2021-08-05,31050,30586.78983610904,30669.143028321563,STB,DIY,MV
2021-08-06,30300,30443.39491805452,30615.748558521384,STB,DIY,MV
2021-08-09,30700,30571.69745902726,30669.143028321563,STB,DIY,MV
2021-08-10,30600,30585.84872951363,30669.143028321563,STB,DIY,MV
2021-08-11,30400,30492.924364756815,30649.098616546806,STB,DIY,MV
2021-08-12,29600,30046.462182378407,29537.442870331754,STB,DIY,MV
2021-08-13,29700,29873.231091189205,29529.868186433298,STB,DIY,MV
2021-08-16,30300,30086.615545594603,29556.51571675517,STB,DIY,MV
2021-08-17,30150,30118.3077727973,29560.300120502736,STB,DIY,MV
2021-08-18,29950,30034.15388639865,29537.442870331754,STB,DIY,MV
2021-08-19,29950,29992.076943199325,29911.644766758054,STB,DIY,MV
2021-08-20,28300,29146.038471599662,28903.245384763715,STB,DIY,MV
2021-08-23,27000,28073.01923579983,28827.787346517944,STB,DIY,MV
2021-08-24,27250,27661.509617899916,28509.614629811957,STB,DIY,MV
2021-08-25,27350,27505.754808949958,28223.891167470214,STB,DIY,MV
2021-08-26,27100,27302.87740447498,27828.80073841514,STB,DIY,MV
2021-08-27,27300,27301.43870223749,27828.80073841514,STB,DIY,MV
2021-08-30,27900,27600.719351118743,28509.614629811957,STB,DIY,MV
2021-08-31,27350,27475.35967555937,28223.891167470214,STB,DIY,MV
2021-09-01,27200,27337.679837779688,28040.10506165067,STB,DIY,MV
2021-09-06,27550,27443.839918889844,28155.130882350277,STB,DIY,MV
2021-09-07,27900,27671.919959444924,28549.572336112073,STB,DIY,MV
2021-09-08,27300,27485.959979722462,28223.891167470214,STB,DIY,MV
2021-09-09,27350,27417.979989861233,28155.130882350277,STB,DIY,MV
2021-09-10,27200,27308.989994930616,28040.10506165067,STB,DIY,MV
2021-09-13,26900,27104.494997465306,27297.243941393415,STB,DIY,MV
2021-09-14,26650,26877.247498732653,27280.17298970603,STB,DIY,MV
2021-09-15,26600,26738.62374936633,26636.591010437496,STB,DIY,MV
2021-09-16,26750,26744.311874683164,26636.591010437496,STB,DIY,MV
2021-09-17,26800,26772.15593734158,26636.591010437496,STB,DIY,MV
2021-09-20,27100,26936.07796867079,27280.17298970603,STB,DIY,MV
2021-09-21,26800,26868.038984335395,27280.17298970603,STB,DIY,MV
2021-09-22,26700,26784.019492167696,26636.591010437496,STB,DIY,MV
2021-09-23,26600,26692.009746083848,26512.18681729086,STB,DIY,MV
2021-09-24,26750,26721.004873041922,26636.591010437496,STB,DIY,MV
2021-09-27,26500,26610.50243652096,26512.18681729086,STB,DIY,MV
2021-09-28,26550,26580.25121826048,26512.18681729086,STB,DIY,MV
2021-09-29,25800,26190.125609130242,26348.07784803765,STB,DIY,MV
2021-09-30,25700,25945.06280456512,26318.830988640704,STB,DIY,MV
2021-10-01,24700,25322.531402282562,26299.051994416564,STB,DIY,MV
2021-10-04,24300,24811.26570114128,24305.682083248223,STB,DIY,MV
2021-10-05,25750,25280.63285057064,26217.380516619807,STB,DIY,MV
2021-10-06,25500,25390.31642528532,26299.051994416564,STB,DIY,MV
2021-10-07,25500,25445.15821264266,26299.051994416564,STB,DIY,MV
2021-10-08,25700,25572.57910632133,26318.830988640704,STB,DIY,MV
2021-10-11,26500,26036.289553160663,26348.07784803765,STB,DIY,MV
2021-10-12,26600,26318.14477658033,26387.125936071578,STB,DIY,MV
2021-10-13,26250,26284.072388290166,26387.125936071578,STB,DIY,MV
2021-10-14,26400,26342.036194145083,26387.125936071578,STB,DIY,MV
2021-10-15,26850,26596.01809707254,26512.18681729086,STB,DIY,MV
2021-10-18,26900,26748.00904853627,26636.591010437496,STB,DIY,MV
2021-10-19,26200,26474.004524268137,26496.24707324541,STB,DIY,MV
2021-10-20,26300,26387.00226213407,26438.360827646244,STB,DIY,MV
2021-10-21,26100,26243.501131067034,26348.07784803765,STB,DIY,MV
2021-10-22,26200,26221.75056553352,26348.07784803765,STB,DIY,MV
2021-10-25,25600,25910.87528276676,26318.830988640704,STB,DIY,MV
2021-10-26,25600,25755.43764138338,26318.830988640704,STB,DIY,MV
2021-10-27,26500,26127.71882069169,26348.07784803765,STB,DIY,MV
2021-10-28,26700,26413.859410345845,26464.230469076694,STB,DIY,MV
2021-10-29,26600,26506.929705172923,26512.18681729086,STB,DIY,MV
2021-11-01,26600,26553.46485258646,26512.18681729086,STB,DIY,MV
2021-11-02,26650,26601.73242629323,26512.18681729086,STB,DIY,MV
2021-11-03,27900,27250.866213146615,27773.506966087145,STB,DIY,MV
2021-11-04,27450,27350.433106573306,28040.10506165067,STB,DIY,MV
2021-11-05,27650,27500.216553286653,28223.891167470214,STB,DIY,MV
2021-11-08,27850,27675.108276643325,28549.572336112073,STB,DIY,MV
2021-11-09,28100,27887.554138321662,28677.910046740886,STB,DIY,MV
2021-11-10,28450,28168.77706916083,28840.591417258976,STB,DIY,MV
2021-11-11,27700,27934.388534580416,28677.910046740886,STB,DIY,MV
2021-11-12,28100,28017.194267290208,28694.980998428273,STB,DIY,MV
2021-11-15,27950,27983.597133645104,28694.980998428273,STB,DIY,MV
2021-11-16,28050,28016.798566822552,28694.980998428273,STB,DIY,MV
2021-11-17,28000,28008.399283411276,28694.980998428273,STB,DIY,MV
2021-11-18,27650,27829.199641705636,28658.98802800306,STB,DIY,MV
2021-11-19,27900,27864.599820852818,28658.98802800306,STB,DIY,MV
2021-11-22,28800,28332.29991042641,28876.942848287603,STB,DIY,MV
2021-11-23,28500,28416.149955213205,28876.942848287603,STB,DIY,MV
2021-11-24,30450,29433.0749776066,29101.282748070535,STB,DIY,MV
2021-11-25,30650,30041.5374888033,29537.442870331754,STB,DIY,MV
2021-11-26,30850,30445.76874440165,30615.748558521384,STB,DIY,MV
2021-11-29,29900,30172.884372200824,29789.704500559652,STB,DIY,MV
2021-11-30,28900,29536.442186100412,29403.393295661594,STB,DIY,MV
2021-12-01,29900,29718.221093050204,29425.43201181807,STB,DIY,MV
2021-12-02,29300,29509.110546525102,29395.10817908498,STB,DIY,MV
2021-12-03,28000,28754.55527326255,28865.78319107975,STB,DIY,MV
2021-12-06,27000,27877.277636631276,28677.910046740886,STB,DIY,MV
2021-12-07,28050,27963.638818315638,28677.910046740886,STB,DIY,MV
2021-12-08,28600,28281.81940915782,28847.50206758062,STB,DIY,MV
2021-12-09,28850,28565.90970457891,28883.970047275387,STB,DIY,MV
2021-12-10,28600,28582.954852289455,28868.603864680415,STB,DIY,MV
2021-12-13,28650,28616.477426144727,28868.603864680415,STB,DIY,MV
2021-12-14,28100,28358.238713072365,28876.942848287603,STB,DIY,MV
2021-12-15,28350,28354.119356536183,28876.942848287603,STB,DIY,MV
2021-12-16,28600,28477.05967826809,28883.970047275387,STB,DIY,MV
2021-12-17,28300,28388.529839134048,28876.942848287603,STB,DIY,MV
2021-12-20,28650,28519.264919567024,28883.970047275387,STB,DIY,MV
2021-12-21,28200,28359.632459783512,28876.942848287603,STB,DIY,MV
2021-12-22,27650,28004.816229891756,28694.980998428273,STB,DIY,MV
2021-12-23,27400,27702.40811494588,28549.572336112073,STB,DIY,MV
2021-12-24,28200,27951.20405747294,28677.910046740886,STB,DIY,MV
2021-12-27,28100,28025.60202873647,28694.980998428273,STB,DIY,MV
2021-12-28,30050,29037.801014368233,28917.353160069568,STB,DIY,MV
2021-12-29,29500,29268.900507184117,29016.351947649186,STB,DIY,MV
2021-12-30,30500,29884.45025359206,29557.81146369049,STB,DIY,MV
2021-12-31,31500,30692.22512679603,30926.011636338815,STB,DIY,MV
2022-01-04,32100,31396.112563398015,31047.05318010222,STB,DIY,MV
2022-01-05,32550,31973.056281699006,32351.828474583333,STB,DIY,MV
2022-01-06,32700,32336.528140849503,32351.54934542493,STB,DIY,MV
2022-01-07,31950,32143.264070424753,32364.991618053125,STB,DIY,MV
2022-01-10,31600,31871.632035212377,31904.652789421023,STB,DIY,MV
2022-01-11,32450,32160.816017606187,32364.991618053125,STB,DIY,MV
2022-01-12,34700,33430.40800880309,32357.08785556791,STB,DIY,MV
2022-01-13,34300,33865.204004401545,32357.08785556791,STB,DIY,MV
2022-01-14,35000,34432.60200220077,32357.08785556791,STB,DIY,MV
2022-01-17,32600,33516.301001100386,32357.08785556791,STB,DIY,MV
2022-01-18,33900,33708.1505005502,32357.08785556791,STB,DIY,MV
2022-01-19,32900,33304.0752502751,32357.08785556791,STB,DIY,MV
2022-01-20,33800,33552.03762513755,32357.08785556791,STB,DIY,MV
2022-01-21,34600,34076.01881256877,32357.08785556791,STB,DIY,MV
2022-01-24,33300,33688.009406284385,32357.08785556791,STB,DIY,MV
2022-01-25,34700,34194.00470314219,32357.08785556791,STB,DIY,MV
2022-01-26,35550,34872.00235157109,32357.08785556791,STB,DIY,MV
2022-01-27,35400,35136.00117578555,32357.08785556791,STB,DIY,MV
2022-01-28,35550,35343.00058789278,32357.08785556791,STB,DIY,MV
2022-02-07,35600,35471.50029394639,32357.08785556791,STB,DIY,MV
2022-02-08,35850,35660.750146973194,32357.08785556791,STB,DIY,MV
2022-02-09,35050,35355.3750734866,32357.08785556791,STB,DIY,MV
2022-02-10,34750,35052.687536743295,32357.08785556791,STB,DIY,MV
2022-02-11,35300,35176.34376837165,32357.08785556791,STB,DIY,MV
2022-02-14,32850,34013.171884185824,32357.08785556791,STB,DIY,MV
2022-02-15,33500,33756.58594209291,32357.08785556791,STB,DIY,MV
2022-02-16,33600,33678.29297104645,32357.08785556791,STB,DIY,MV
2022-02-17,33900,33789.146485523226,32357.08785556791,STB,DIY,MV
2022-02-18,33350,33569.57324276162,32357.08785556791,STB,DIY,MV
2022-02-21,33200,33384.78662138081,32357.08785556791,STB,DIY,MV
2022-02-22,33700,33542.3933106904,32357.08785556791,STB,DIY,MV
2022-02-23,33600,33571.1966553452,32357.08785556791,STB,DIY,MV
2022-02-24,32900,33235.598327672604,32357.08785556791,STB,DIY,MV
2022-02-25,33000,33117.7991638363,32357.08785556791,STB,DIY,MV
2022-02-28,32850,32983.89958191815,32357.08785556791,STB,DIY,MV
2022-03-01,32650,32816.94979095907,32357.08785556791,STB,DIY,MV
2022-03-02,31250,32033.474895479536,32364.991618053125,STB,DIY,MV
2022-03-03,31850,31941.737447739768,32351.828474583333,STB,DIY,MV
2022-03-04,32000,31970.868723869884,32351.828474583333,STB,DIY,MV
2022-03-07,31500,31735.434361934942,31904.652789421023,STB,DIY,MV
2022-03-08,30850,31292.71718096747,31054.958778963464,STB,DIY,MV
2022-03-09,31100,31196.358590483735,31039.867440649465,STB,DIY,MV
2022-03-10,31550,31373.17929524187,31047.05318010222,STB,DIY,MV
2022-03-11,32050,31711.589647620935,31894.634745986004,STB,DIY,MV
2022-03-14,32500,32105.794823810465,32364.991618053125,STB,DIY,MV
2022-03-15,32700,32402.897411905233,32351.54934542493,STB,DIY,MV
2022-03-16,32900,32651.448705952615,32357.08785556791,STB,DIY,MV
2022-03-17,32800,32725.724352976307,32357.08785556791,STB,DIY,MV
2022-03-18,33100,32912.86217648815,32357.08785556791,STB,DIY,MV
2022-03-21,33100,33006.43108824408,32357.08785556791,STB,DIY,MV
2022-03-22,34050,33528.21554412204,32357.08785556791,STB,DIY,MV
2022-03-23,34000,33764.10777206102,32357.08785556791,STB,DIY,MV
2022-03-24,33650,33707.05388603051,32357.08785556791,STB,DIY,MV
2022-03-25,33650,33678.526943015255,32357.08785556791,STB,DIY,MV
2022-03-28,31850,32764.263471507627,32357.08785556791,STB,DIY,MV
2022-03-29,32300,32532.131735753814,32357.08785556791,STB,DIY,MV
2022-03-30,32250,32391.065867876907,32351.54934542493,STB,DIY,MV
2022-03-31,31700,32045.532933938455,32364.991618053125,STB,DIY,MV
2022-04-01,32200,32122.766466969228,32364.991618053125,STB,DIY,MV
2022-04-04,32200,32161.383233484616,32364.991618053125,STB,DIY,MV
2022-04-05,31800,31980.691616742308,32351.828474583333,STB,DIY,MV
2022-04-06,32350,32165.345808371152,32364.991618053125,STB,DIY,MV
2022-04-07,31900,32032.672904185576,32364.991618053125,STB,DIY,MV
2022-04-08,31000,31516.336452092786,31301.587264469672,STB,DIY,MV
2022-04-12,30800,31158.168226046393,31039.867440649465,STB,DIY,MV
2022-04-13,31350,31254.084113023197,31054.958778963464,STB,DIY,MV
2022-04-14,30800,31027.0420565116,30937.984318433046,STB,DIY,MV
2022-04-15,30100,30563.5210282558,30669.143028321563,STB,DIY,MV
2022-04-18,29000,29781.7605141279,29547.3092291057,STB,DIY,MV
2022-04-19,27500,28640.88025706395,28865.78319107975,STB,DIY,MV
2022-04-20,27550,28095.440128531976,28827.787346517944,STB,DIY,MV
2022-04-21,27650,27872.72006426599,28677.910046740886,STB,DIY,MV
2022-04-22,28800,28336.360032132994,28876.942848287603,STB,DIY,MV
2022-04-25,26800,27568.180016066497,28258.382716843407,STB,DIY,MV
2022-04-26,27400,27484.09000803325,28223.891167470214,STB,DIY,MV
2022-04-27,28200,27842.045004016625,28658.98802800306,STB,DIY,MV
2022-04-28,27700,27771.022502008313,28658.98802800306,STB,DIY,MV
2022-04-29,27700,27735.511251004158,28658.98802800306,STB,DIY,MV
2022-05-04,26750,27242.75562550208,27773.506966087145,STB,DIY,MV
2022-05-05,26900,27071.377812751038,27297.243941393415,STB,DIY,MV
2022-05-06,25500,26285.68890637552,26387.125936071578,STB,DIY,MV
2022-05-09,23750,25017.84445318776,25614.603425132133,STB,DIY,MV
2022-05-10,23900,24458.92222659388,24260.08486612281,STB,DIY,MV
2022-05-11,23550,24004.46111329694,24160.874650448204,STB,DIY,MV
2022-05-12,21950,22977.230556648472,23368.030434951652,STB,DIY,MV
2022-05-13,20450,21713.615278324236,21594.54317163686,STB,DIY,MV
2022-05-16,19050,20381.807639162118,20754.56089709051,STB,DIY,MV
2022-05-17,20350,20365.903819581057,20754.56089709051,STB,DIY,MV
2022-05-18,21750,21057.95190979053,21277.108433249676,STB,DIY,MV
2022-05-19,21750,21403.975954895264,21454.787119628396,STB,DIY,MV
2022-05-20,21600,21501.987977447632,21557.93489281247,STB,DIY,MV
2022-05-23,20350,20925.993988723814,21277.108433249676,STB,DIY,MV
2022-05-24,21750,21337.996994361907,21428.236305111397,STB,DIY,MV
2022-05-25,22750,22043.998497180954,22285.028031396752,STB,DIY,MV
2022-05-26,22400,22221.999248590477,22396.853048654975,STB,DIY,MV
2022-05-27,22250,22235.99962429524,22393.690809110478,STB,DIY,MV
2022-05-30,22800,22517.99981214762,22635.65269581849,STB,DIY,MV
2022-05-31,22350,22433.999906073812,22468.514195796102,STB,DIY,MV
2022-06-01,22250,22341.999953036906,22402.726758638175,STB,DIY,MV
2022-06-02,21550,21945.999976518455,22088.81737255154,STB,DIY,MV
2022-06-03,21150,21547.999988259227,21557.93489281247,STB,DIY,MV
2022-06-06,20500,21023.999994129612,21277.108433249676,STB,DIY,MV
2022-06-07,20200,20611.999997064806,21108.1699174308,STB,DIY,MV
2022-06-08,21600,21105.999998532403,21313.08083626322,STB,DIY,MV
2022-06-09,22300,21702.9999992662,21594.54317163686,STB,DIY,MV
2022-06-10,21900,21801.499999633103,21626.293501279466,STB,DIY,MV
2022-06-13,20600,21200.74999981655,21370.248446704572,STB,DIY,MV
2022-06-14,20900,21050.374999908276,21277.108433249676,STB,DIY,MV
2022-06-15,20700,20875.18749995414,21277.108433249676,STB,DIY,MV
2022-06-16,21000,20937.59374997707,21277.108433249676,STB,DIY,MV
2022-06-17,20250,20593.796874988533,21108.1699174308,STB,DIY,MV
2022-06-20,18850,19721.898437494267,19955.3755526955,STB,DIY,MV
2022-06-21,19200,19460.949218747133,19626.500313991077,STB,DIY,MV
2022-06-22,20500,19980.474609373567,19815.551799623605,STB,DIY,MV
2022-06-23,21300,20640.237304686783,21108.1699174308,STB,DIY,MV
2022-06-24,21200,20920.118652343393,21277.108433249676,STB,DIY,MV
2022-06-27,21500,21210.059326171697,21370.248446704572,STB,DIY,MV
2022-06-28,22550,21880.02966308585,22088.81737255154,STB,DIY,MV
2022-06-29,22600,22240.014831542925,22393.690809110478,STB,DIY,MV
2022-06-30,21500,21870.007415771463,22088.81737255154,STB,DIY,MV
2022-07-01,22000,21935.00370788573,22088.81737255154,STB,DIY,MV
2022-07-04,22350,22142.501853942864,22396.853048654975,STB,DIY,MV
2022-07-05,23050,22596.250926971432,22660.612841407823,STB,DIY,MV
2022-07-06,22500,22548.125463485718,22632.61655409555,STB,DIY,MV
2022-07-07,22600,22574.06273174286,22632.61655409555,STB,DIY,MV
2022-07-08,22500,22537.03136587143,22628.613254323765,STB,DIY,MV
2022-07-11,22050,22293.515682935715,22393.690809110478,STB,DIY,MV
2022-07-12,22600,22446.757841467857,22478.42181181845,STB,DIY,MV
2022-07-13,23050,22748.37892073393,22790.980237263437,STB,DIY,MV
2022-07-14,23300,23024.189460366964,23368.030434951652,STB,DIY,MV
2022-07-15,23000,23012.094730183482,23368.030434951652,STB,DIY,MV
2022-07-18,22550,22781.04736509174,22789.206298006764,STB,DIY,MV
2022-07-19,22950,22865.52368254587,22901.309954723107,STB,DIY,MV
2022-07-20,23050,22957.761841272935,23368.030434951652,STB,DIY,MV
2022-07-21,23100,23028.880920636468,23368.030434951652,STB,DIY,MV
2022-07-22,23000,23014.440460318234,23368.030434951652,STB,DIY,MV
2022-07-25,22850,22932.220230159117,23368.030434951652,STB,DIY,MV
2022-07-26,22950,22941.11011507956,23368.030434951652,STB,DIY,MV
2022-07-27,23050,22995.55505753978,23368.030434951652,STB,DIY,MV
2022-07-28,24450,23722.77752876989,24122.580088716888,STB,DIY,MV
2022-07-29,24700,24211.388764384945,24203.321992961133,STB,DIY,MV
2022-08-01,25200,24705.694382192472,24275.190895445146,STB,DIY,MV
2022-08-02,24950,24827.847191096236,24364.223547819212,STB,DIY,MV
2022-08-03,25450,25138.92359554812,25752.19267583599,STB,DIY,MV
2022-08-04,25200,25169.46179777406,26028.922180448866,STB,DIY,MV
2022-08-05,25250,25209.730898887028,26070.756295788804,STB,DIY,MV
2022-08-08,25300,25254.865449443514,26217.380516619807,STB,DIY,MV
2022-08-09,25250,25252.43272472176,26217.380516619807,STB,DIY,MV
2022-08-10,24900,25076.21636236088,25642.780779122157,STB,DIY,MV
2022-08-11,25200,25138.10818118044,25752.19267583599,STB,DIY,MV
2022-08-12,25650,25394.05409059022,26299.051994416564,STB,DIY,MV
2022-08-15,25650,25522.027045295108,26299.051994416564,STB,DIY,MV
2022-08-16,25550,25536.013522647554,26299.051994416564,STB,DIY,MV
2022-08-17,25400,25468.006761323777,26299.051994416564,STB,DIY,MV
2022-08-18,25200,25334.00338066189,26299.051994416564,STB,DIY,MV
2022-08-19,25100,25217.001690330944,26070.756295788804,STB,DIY,MV
2022-08-22,24700,24958.500845165472,25614.603425132133,STB,DIY,MV
2022-08-23,25000,24979.250422582736,25614.603425132133,STB,DIY,MV
2022-08-24,25400,25189.625211291368,26047.49455318828,STB,DIY,MV
2022-08-25,25650,25419.812605645682,26299.051994416564,STB,DIY,MV
2022-08-26,25100,25259.90630282284,26217.380516619807,STB,DIY,MV
2022-08-29,24850,25054.95315141142,25630.646006235944,STB,DIY,MV
2022-08-30,24650,24852.47657570571,24456.63145935865,STB,DIY,MV
2022-08-31,24800,24826.238287852855,24364.223547819212,STB,DIY,MV
2022-09-05,24700,24763.11914392643,24275.190895445146,STB,DIY,MV
2022-09-06,24700,24731.559571963215,24275.190895445146,STB,DIY,MV
2022-09-07,24350,24540.779785981606,24260.08486612281,STB,DIY,MV
2022-09-08,23900,24220.389892990803,24203.321992961133,STB,DIY,MV
2022-09-09,23750,23985.1949464954,24157.84095722665,STB,DIY,MV
2022-09-12,23100,23542.5974732477,24063.063875742755,STB,DIY,MV
2022-09-13,23050,23296.298736623852,23924.191977586026,STB,DIY,MV
2022-09-14,23050,23173.149368311926,23741.875584725512,STB,DIY,MV
2022-09-15,23050,23111.574684155963,23451.028633226302,STB,DIY,MV
2022-09-16,22450,22780.78734207798,22789.206298006764,STB,DIY,MV
2022-09-19,21600,22190.39367103899,22396.853048654975,STB,DIY,MV
2022-09-20,22150,22170.196835519495,22396.853048654975,STB,DIY,MV
2022-09-21,21750,21960.09841775975,22287.016214525,STB,DIY,MV
2022-09-22,21950,21955.049208879875,22287.016214525,STB,DIY,MV
2022-09-23,21450,21702.52460443994,21594.54317163686,STB,DIY,MV
2022-09-26,20500,21101.26230221997,21313.08083626322,STB,DIY,MV
2022-09-27,20500,20800.631151109985,21108.1699174308,STB,DIY,MV
2022-09-28,20300,20550.315575554992,20835.655263109762,STB,DIY,MV
2022-09-29,19700,20125.157787777498,19852.31935346338,STB,DIY,MV
2022-09-30,20600,20362.57889388875,20754.56089709051,STB,DIY,MV
2022-10-03,19200,19781.289446944375,19975.195192042705,STB,DIY,MV
2022-10-04,18750,19265.644723472185,19417.94541296578,STB,DIY,MV
2022-10-05,19250,19257.822361736093,19417.94541296578,STB,DIY,MV
2022-10-06,18000,18628.911180868046,18614.78651809088,STB,DIY,MV
2022-10-07,16750,17689.455590434023,17824.548365048206,STB,DIY,MV
2022-10-10,17000,17344.72779521701,17698.636874446216,STB,DIY,MV
2022-10-11,15850,16597.363897608506,16714.972988038724,STB,DIY,MV
2022-10-12,16950,16773.681948804253,16903.51885813433,STB,DIY,MV
2022-10-13,17650,17211.840974402126,17287.258402023035,STB,DIY,MV
2022-10-14,17650,17430.920487201063,17713.599666437272,STB,DIY,MV
2022-10-17,18150,17790.46024360053,17924.518228278892,STB,DIY,MV
2022-10-18,17700,17745.230121800265,17842.801942906706,STB,DIY,MV
2022-10-19,17300,17522.615060900134,17726.557135790346,STB,DIY,MV
2022-10-20,17150,17336.307530450067,17698.636874446216,STB,DIY,MV
2022-10-21,15950,16643.153765225034,16758.203850996284,STB,DIY,MV
2022-10-24,14850,15746.576882612517,15828.320930333291,STB,DIY,MV
2022-10-25,14900,15323.288441306258,15354.152843428386,STB,DIY,MV
2022-10-26,15000,15161.644220653128,15264.60931123941,STB,DIY,MV
2022-10-27,16050,15605.822110326564,15685.8362683764,STB,DIY,MV
2022-10-28,16150,15877.911055163282,16015.323754853258,STB,DIY,MV
2022-10-31,16150,16013.955527581642,16122.189210122042,STB,DIY,MV
2022-11-01,16900,16456.97776379082,16464.812049577922,STB,DIY,MV
2022-11-02,16900,16678.48888189541,16769.388850193518,STB,DIY,MV
2022-11-03,17250,16964.244440947703,16927.624966439016,STB,DIY,MV
2022-11-04,16600,16782.12222047385,16910.226772540922,STB,DIY,MV
2022-11-07,15500,16141.061110236926,16305.731567628263,STB,DIY,MV
2022-11-08,16450,16295.530555118463,16442.42870685087,STB,DIY,MV
2022-11-09,16250,16272.765277559232,16440.20742639034,STB,DIY,MV
2022-11-10,15150,15711.382638779616,15839.62260062174,STB,DIY,MV
2022-11-11,15600,15655.691319389807,15617.522222634694,STB,DIY,MV
2022-11-14,15850,15752.845659694904,15828.320930333291,STB,DIY,MV
2022-11-15,15100,15426.422829847452,15569.34367291942,STB,DIY,MV
2022-11-16,16150,15788.211414923726,15850.964793608182,STB,DIY,MV
2022-11-17,17200,16494.105707461862,16456.18573433268,STB,DIY,MV
2022-11-18,17100,16797.05285373093,16913.277605272204,STB,DIY,MV
2022-11-21,16700,16748.526426865465,16896.027545708177,STB,DIY,MV
2022-11-22,16900,16824.263213432732,16952.471501563872,STB,DIY,MV
2022-11-23,17500,17162.131606716364,17240.54821859104,STB,DIY,MV
2022-11-24,18200,17681.065803358182,17758.783331678,STB,DIY,MV
2022-11-25,18900,18290.532901679093,18565.231420894463,STB,DIY,MV
