trunc_time,open_price,high_price,low_price,close_price,volume
2020-10-06,11591.8214970558,12037.660785404101,11145.9822087075,11368.90185288165,5528700
2020-10-07,11241.51919906785,11846.5868046834,11177.827872160951,11273.3648625213,3920670
2020-10-08,11273.3648625213,11400.747516335101,10954.9082279868,11400.747516335101,5360750
2020-10-09,11719.2041508696,11782.895477776501,11368.90185288165,11719.2041508696,3176960
2020-10-12,11973.9694584972,12196.88910267135,11559.975833602351,11559.975833602351,4457970
2020-10-13,11464.438843242,11591.8214970558,11368.90185288165,11368.90185288165,1934130
2020-10-14,11337.0561894282,11368.90185288165,11114.13654525405,11305.210525974751,2202370
2020-10-15,11305.210525974751,11528.130170148901,11082.2908818006,11400.747516335101,2842470
2020-10-16,11464.438843242,12037.660785404101,11432.593179788551,11655.512823962701,3603210
2020-10-19,11591.8214970558,12165.043439217901,11432.593179788551,11942.12379504375,4382630
2020-10-20,11942.12379504375,12483.5000737524,11846.5868046834,12483.5000737524,4615600
2020-10-21,12483.5000737524,12801.9567082869,12165.043439217901,12165.043439217901,2639450
2020-10-22,12133.19777576445,12419.808746845501,11973.9694584972,12356.1174199386,2432340
2020-10-23,12419.808746845501,12483.5000737524,12133.19777576445,12228.7347661248,1967510
2020-10-26,12419.808746845501,12738.26538138,12165.043439217901,12419.808746845501,6975230
2020-10-27,12356.1174199386,12451.65441029895,12196.88910267135,12292.426093031701,2883500
2020-10-28,12228.7347661248,12610.8827275662,12165.043439217901,12165.043439217901,4443690
2020-10-29,12228.7347661248,12515.345737205851,12165.043439217901,12196.88910267135,2678150
2020-10-30,12419.808746845501,12419.808746845501,12037.660785404101,12196.88910267135,2657280
2020-11-02,12196.88910267135,12387.963083392051,12196.88910267135,12292.426093031701,1491620
2020-11-03,12356.1174199386,12387.963083392051,12228.7347661248,12356.1174199386,1424920
2020-11-04,12419.808746845501,13152.259006274851,12419.808746845501,12961.18502555415,7604770
2020-11-05,13056.7220159145,13056.7220159145,12642.728391019651,12642.728391019651,2009220
2020-11-06,12642.728391019651,12833.80237174035,12515.345737205851,12738.26538138,1894420
2020-11-09,12738.26538138,12993.0306890076,12674.5740544731,12865.6480351938,3792160
2020-11-10,12865.6480351938,12993.0306890076,12483.5000737524,12547.191400659302,3855660
2020-11-11,12515.345737205851,12706.41971792655,12451.65441029895,12579.03706411275,2226740
2020-11-12,12579.03706411275,13056.7220159145,12451.65441029895,12865.6480351938,2436400
2020-11-13,12865.6480351938,12961.18502555415,12706.41971792655,12897.493698647251,3034670
2020-11-16,12961.18502555415,13343.33298699555,12865.6480351938,13088.56767936795,5099720
2020-11-17,13247.795996635201,13279.641660088651,13088.56767936795,13279.641660088651,2465550
2020-11-18,13279.641660088651,13470.71564080935,13152.259006274851,13247.795996635201,2349900
2020-11-19,13375.178650449001,13375.178650449001,13120.4133428214,13152.259006274851,2308570
2020-11-20,13152.259006274851,13661.789621530052,13120.4133428214,13470.71564080935,2942400
2020-11-23,13534.406967716252,13884.709265704201,13438.8699773559,13470.71564080935,2066260
2020-11-24,13661.789621530052,13757.326611890401,13407.024313902451,13566.2526311697,3227320
2020-11-25,13566.2526311697,13693.6352849835,13247.795996635201,13598.09829462315,3422440
2020-11-26,13470.71564080935,13629.943958076601,13343.33298699555,13375.178650449001,2404020
2020-11-27,13375.178650449001,14266.857227145601,13375.178650449001,13821.0179387973,4639810
2020-11-30,14075.7832464249,14649.005188587002,13884.709265704201,14266.857227145601,5399340
2020-12-01,14139.474573331801,14903.7704962146,14139.474573331801,14330.5485540525,8146210
2020-12-02,14967.4618231215,15317.76412110945,14712.6965154939,15317.76412110945,5619890
2020-12-03,16304.9796881664,16368.671015073302,15922.831726725,16368.671015073302,3521260
2020-12-04,16878.2016303285,17419.57790903715,16336.825351619851,16878.2016303285,6448020
2020-12-07,16623.4363227009,17069.2756110492,16082.060043992251,16655.28198615435,4605900
2020-12-08,16687.127649607803,16941.8929572354,16496.0536688871,16718.97331306125,3643160
2020-12-09,16814.5103034216,16814.5103034216,16496.0536688871,16496.0536688871,3902570
2020-12-10,16464.20800543365,16464.20800543365,15668.0664190974,15668.0664190974,7480540
2020-12-11,15604.375092190501,16082.060043992251,15349.609784562901,15986.523053631901,3403730
2020-12-14,16177.5970343526,16814.5103034216,15890.98606327155,16591.59065924745,3857790
2020-12-15,16559.744995794,16687.127649607803,15922.831726725,16145.75137089915,4494850
2020-12-16,16177.5970343526,16432.362341980202,16082.060043992251,16177.5970343526,2877220
2020-12-17,16018.36871708535,16623.4363227009,15859.140399818101,16496.0536688871,4142520
2020-12-18,16496.0536688871,17546.960562850953,16496.0536688871,17419.57790903715,6476930
2020-12-21,17515.1148993975,17769.8802070251,17164.81260140955,17706.1888801182,6100610
2020-12-22,17515.1148993975,17769.8802070251,17419.57790903715,17706.1888801182,3156420
2020-12-23,17578.8062263044,17578.8062263044,16878.2016303285,17196.658264863,3666820
2020-12-24,17132.966937956102,17292.195255223352,16018.36871708535,16846.35596687505,5946530
2020-12-25,16623.4363227009,17196.658264863,16496.0536688871,16687.127649607803,2328570
2020-12-28,16878.2016303285,17005.5842841423,16591.59065924745,16655.28198615435,4346940
2020-12-29,16687.127649607803,17610.65188975785,16559.744995794,17387.732245583702,5659820
2020-12-30,17833.571533932,18215.7194953734,17419.57790903715,17419.57790903715,3939190
2020-12-31,17515.1148993975,17801.725870478553,17387.732245583702,17642.497553211302,2312570
2021-01-04,17960.9541877458,18852.632764442402,17833.571533932,18820.78710098895,7909000
2021-01-05,19107.398072070002,20126.459302580402,18980.0154182562,20062.7679756735,7069400
2021-01-06,20635.989917835603,20667.83558128905,19553.2373604183,19871.693994952802,4237900
2021-01-07,19871.693994952802,20476.761600568352,19425.8547066045,20253.8419563942,5114000
2021-01-08,20381.224610208003,20604.14425438215,19935.3853218597,20094.61363912695,3082700
2021-01-11,20158.30496603385,20317.5332833011,19680.6200142321,20030.92231222005,2381400
2021-01-12,20062.7679756735,21432.13150417185,19680.6200142321,21432.13150417185,5545800
2021-01-13,21655.051148346,21782.4338021598,21145.5205330908,21272.9031869046,4217000
2021-01-14,21081.829206183902,21591.359821439102,20954.4465523701,21368.44017726495,4045000
2021-01-15,21655.051148346,21750.588138706353,21241.057523451153,21463.9771676253,4032600
2021-01-18,22960.723349937452,22960.723349937452,21909.8164559736,22196.427427054652,6304500
2021-01-19,22164.5817636012,22419.3470712288,20667.83558128905,20667.83558128905,3821000
2021-01-20,20667.83558128905,20954.4465523701,19234.7807258838,20381.224610208003,4201900
2021-01-21,20827.063898556302,21241.057523451153,19744.311341139,21241.057523451153,3773300
2021-01-22,21209.2118599977,21591.359821439102,20922.60088891665,21018.137879277,3990300
2021-01-25,20699.6812447425,21782.4338021598,20699.6812447425,21081.829206183902,6015400
2021-01-26,21145.5205330908,21145.5205330908,19616.928687325202,19744.311341139,4933000
2021-01-27,19425.8547066045,19648.77435077865,18374.94781264065,18374.94781264065,6653000
2021-01-28,17101.12127450265,17515.1148993975,17101.12127450265,17101.12127450265,2765800
2021-01-29,15922.831726725,17706.1888801182,15922.831726725,17101.12127450265,8174300
2021-02-01,16750.8189765147,17642.497553211302,16241.288361259501,17069.2756110492,4716600
2021-02-02,17515.1148993975,18056.49117810615,16941.8929572354,17642.497553211302,3892900
2021-02-03,18024.6455146527,18725.2501106286,17801.725870478553,18470.484803001,4069400
2021-02-04,18470.484803001,18725.2501106286,17960.9541877458,18152.028168466502,3422300
2021-02-05,18215.7194953734,18852.632764442402,17833.571533932,18852.632764442402,3989500
2021-02-08,18852.632764442402,19680.6200142321,17578.8062263044,18343.1021491872,5152900
2021-02-09,18343.1021491872,18788.9414375355,17897.262860838902,18566.02179336135,2238000
2021-02-17,18852.632764442402,19362.163379697602,18725.2501106286,19330.31771624415,3014600
2021-02-18,19394.00904315105,19680.6200142321,19107.398072070002,19616.928687325202,4573000
2021-02-19,19394.00904315105,20381.224610208003,19362.163379697602,20030.92231222005,4262200
2021-02-22,20190.1506294873,20253.8419563942,19489.5460335114,19712.46567768555,3052500
2021-02-23,19744.311341139,20126.459302580402,19425.8547066045,19808.0026680459,3087500
2021-02-24,20062.7679756735,20317.5332833011,19425.8547066045,19744.311341139,6517300
2021-02-25,19935.3853218597,20190.1506294873,19680.6200142321,19903.53965840625,5124400
2021-02-26,19744.311341139,21018.137879277,19648.77435077865,20858.90956200975,6989700
2021-03-01,21145.5205330908,21209.2118599977,20699.6812447425,20858.90956200975,3684900
2021-03-02,20922.60088891665,20954.4465523701,20604.14425438215,20635.989917835603,4039900
2021-03-03,20508.6072640218,20667.83558128905,20317.5332833011,20508.6072640218,5704700
2021-03-04,20508.6072640218,20635.989917835603,19234.7807258838,19680.6200142321,5940300
2021-03-05,19298.4720527907,19585.08302387175,18788.9414375355,19425.8547066045,5172100
2021-03-08,19680.6200142321,19744.311341139,19234.7807258838,19425.8547066045,3977100
2021-03-09,19266.626389337252,19871.693994952802,18566.02179336135,19425.8547066045,4092600
2021-03-10,19489.5460335114,19616.928687325202,19107.398072070002,19457.70037005795,2295100
2021-03-11,19744.311341139,19744.311341139,19425.8547066045,19553.2373604183,3437600
2021-03-12,19744.311341139,20635.989917835603,19616.928687325202,20253.8419563942,8198600
2021-03-15,20381.224610208003,20604.14425438215,20094.61363912695,20190.1506294873,4324300
2021-03-16,20126.459302580402,20190.1506294873,19680.6200142321,19903.53965840625,3373400
2021-03-17,19744.311341139,19999.0766487666,19712.46567768555,19871.693994952802,3387900
2021-03-18,19935.3853218597,20699.6812447425,19776.157004592453,20317.5332833011,6024700
2021-03-19,20381.224610208003,20858.90956200975,20381.224610208003,20667.83558128905,5792900
2021-03-22,20699.6812447425,20731.526908195952,20253.8419563942,20540.45292747525,3742500
2021-03-23,20508.6072640218,20540.45292747525,19680.6200142321,19808.0026680459,4698300
2021-03-24,19489.5460335114,19808.0026680459,19043.7067451631,19425.8547066045,5067300
2021-03-25,19425.8547066045,19680.6200142321,19011.861081709652,19330.31771624415,2822700
2021-03-26,19107.398072070002,19362.163379697602,18088.3368415596,19043.7067451631,3871100
2021-03-29,19107.398072070002,19362.163379697602,18948.16975480275,19107.398072070002,3139800
2021-03-30,19721.8221585,19721.8221585,19336.493484,19546.672760999998,2756700
2021-03-31,19616.73252,19686.792279,19266.433725,19336.493484,1511900
2021-04-01,19581.7026405,20317.33011,19336.493484,20317.33011,2053500
2021-04-02,20807.748423,20982.8978205,20317.33011,20457.449628,3454700
2021-04-05,20527.509387,20737.688664,20177.210592,20387.389869,3027200
2021-04-06,20247.270351,20352.3599895,20037.091074,20177.210592,2170200
2021-04-07,20002.0611945,20702.6587845,19826.911797,20527.509387,3419700
2021-04-08,20667.628905,21718.52529,20632.5990255,21648.465530999998,10477800
2021-04-09,21718.52529,21718.52529,21438.286254,21473.3161335,3320600
2021-04-12,21543.3758925,21718.52529,21228.106977,21613.4356515,5356300
2021-04-13,21718.52529,21718.52529,20737.688664,20947.867941,5191300
2021-04-14,20667.628905,20947.867941,20457.449628,20877.808182,3294800
2021-04-15,20877.808182,20947.867941,20317.33011,20317.33011,4035000
2021-04-16,20247.270351,20352.3599895,19336.493484,19896.971556,6207600
2021-04-19,19896.971556,20457.449628,19546.672760999998,20387.389869,3177500
2021-04-20,20562.5392665,20597.569145999998,19616.73252,20002.0611945,2726600
2021-04-22,19616.73252,20002.0611945,19126.314207,19161.3440865,3356300
2021-04-23,19056.254448,19616.73252,18565.836135,19616.73252,3311500
2021-04-26,19616.73252,19616.73252,18776.015412,18776.015412,2015500
2021-04-27,18705.955653,18846.075171,18425.716617,18425.716617,2776600
2021-04-28,18460.7464965,18846.075171,18320.6269785,18530.8062555,1726000
2021-04-29,18565.836135,19266.433725,18495.776375999998,18740.9855325,2157900
2021-05-04,18215.53734,19161.3440865,18145.477581,18916.13493,2559400
2021-05-05,19056.254448,19301.4636045,19021.224568499998,19196.373966,3565600
2021-05-06,19196.373966,19826.911797,19056.254448,19476.613002,4692300
2021-05-07,19476.613002,19546.672760999998,18811.0452915,18951.1648095,2877300
2021-05-10,18776.015412,19161.3440865,18530.8062555,18846.075171,2803400
2021-05-11,18776.015412,19967.031315,18705.955653,19406.553243,7519400
2021-05-12,19476.613002,19826.911797,19336.493484,19721.8221585,3816800
2021-05-13,19686.792279,19967.031315,19546.672760999998,19651.7623995,4119800
2021-05-14,19651.7623995,20317.33011,19546.672760999998,20037.091074,6557900
2021-05-17,20072.120953499998,20247.270351,19476.613002,19616.73252,3421000
2021-05-18,19546.672760999998,19616.73252,18916.13493,18986.194689,4099800
2021-05-19,18635.895894,18881.1050505,18425.716617,18565.836135,5388000
2021-05-20,18530.8062555,19406.553243,18355.656858,19336.493484,4162400
2021-05-21,19406.553243,19967.031315,19266.433725,19721.8221585,5507700
2021-05-24,19721.8221585,21087.987459,19721.8221585,21087.987459,13356900
2021-05-25,21158.047218,21438.286254,20702.6587845,20702.6587845,6398800
2021-05-26,20562.5392665,21368.226495,20457.449628,21158.047218,8263200
2021-05-27,21158.047218,22419.12288,21158.047218,21718.52529,8583300
2021-05-28,22208.943603,22349.063121,21823.6149285,22033.7942055,5309000
2021-05-31,21858.644808,22419.12288,21333.1966155,22349.063121,7717600
2021-06-01,22489.182639,23470.019265,22489.182639,22769.421675,5572300
2021-06-02,22559.242398,22909.541193,21928.704567,22138.883844,7367900
2021-06-03,22419.12288,22699.361915999998,22068.824085,22524.2125185,7911900
2021-06-04,22559.242398,23119.72047,22559.242398,22874.5113135,7540200
2021-06-07,23014.6308315,23049.660711,21298.166736,22068.824085,7216200
2021-06-08,22541.75,23115.54,21312.2,21394.17,7883400
2021-06-09,20984.32,21353.185,20082.649999999998,21189.245,6433300
2021-06-10,20902.35,21066.29,20082.649999999998,20246.59,7400000
2021-06-11,20246.59,20902.35,20082.649999999998,20656.44,5915700
2021-06-14,20738.41,21230.23,20492.5,20902.35,4313300
2021-06-15,20902.35,21640.079999999998,20615.454999999998,21476.14,5490100
2021-06-16,21640.079999999998,22254.855,21476.14,21558.11,7697300
2021-06-17,20902.35,21804.02,20902.35,21558.11,4574800
2021-06-18,21640.079999999998,22541.75,21312.2,22172.885,10892800
2021-06-21,22131.899999999998,22418.795,21926.975,22049.93,5415900
2021-06-22,22213.87,22295.84,21722.05,21885.989999999998,3702100
2021-06-23,21804.02,21845.005,21025.305,21066.29,7469200
2021-06-24,21025.305,21230.23,20656.44,20820.38,4146700
2021-06-25,20820.38,21107.274999999998,20533.485,20984.32,3732300
2021-06-28,20943.335,21722.05,20820.38,21640.079999999998,6787100
2021-06-29,21722.05,21722.05,21312.2,21394.17,2988800
2021-06-30,21394.17,21394.17,21025.305,21025.305,2660800
2021-07-01,21025.305,21312.2,20820.38,21271.215,3660900
2021-07-02,21394.17,21394.17,20902.35,20902.35,4055600
2021-07-05,20902.35,20943.335,20328.56,20410.53,4773800
2021-07-06,20492.5,20492.5,19017.04,19017.04,6108500
2021-07-07,18771.13,19017.04,17910.445,18443.25,5843200
2021-07-08,18853.1,19672.8,18730.145,19017.04,4320900
2021-07-09,19099.01,19262.95,18033.4,19262.95,3355000
2021-07-12,18935.07,18935.07,17951.43,18689.16,5701400
2021-07-13,18443.25,18730.145,18033.4,18689.16,2159900
2021-07-14,18607.19,19262.95,18197.34,18648.175,3196900
2021-07-15,18320.295,19099.01,18320.295,18812.114999999998,1987800
2021-07-16,18812.114999999998,19508.86,18771.13,19385.905,4053500
2021-07-19,18566.204999999998,19262.95,18033.4,18033.4,5933700
2021-07-20,18115.37,18443.25,17295.67,18279.31,3168200
2021-07-21,18279.31,18566.204999999998,18033.4,18033.4,2280800
2021-07-22,17992.415,19262.95,17828.475,19262.95,7460500
2021-07-23,19426.89,20082.649999999998,19221.965,19262.95,7180600
2021-07-26,19099.01,20492.5,19017.04,20205.605,6889400
2021-07-27,20492.5,20533.485,19672.8,20082.649999999998,6942500
2021-07-28,20000.68,20902.35,19918.71,20451.515,7046200
2021-07-29,20533.485,20656.44,20246.59,20615.454999999998,5504400
2021-07-30,20656.44,21435.155,20574.47,20984.32,8428600
2021-08-02,20697.425,21394.17,20656.44,20738.41,5303900
2021-08-03,20779.395,21271.215,20615.454999999998,21189.245,7361000
2021-08-04,21599.095,22541.75,21558.11,22295.84,19655200
2021-08-05,22295.84,23074.555,22172.885,22746.675,10349700
2021-08-06,22787.66,24304.105,22459.78,23812.285,17865900
2021-08-09,24017.21,25328.73,23976.225,25246.76,14605800
2021-08-10,25574.64,25779.565,24386.075,24836.91,22463500
2021-08-11,24836.91,25287.745,24345.09,25082.82,15671800
2021-08-12,25410.7,26804.19,25410.7,26681.235,18911600
2021-08-13,26230.399999999998,28361.62,25328.73,27869.8,15929400
2021-08-16,28689.5,28689.5,27787.829999999998,27787.829999999998,13009500
2021-08-17,27418.965,27500.934999999998,26353.355,26353.355,17656000
2021-08-18,26230.399999999998,28197.68,26148.43,27869.8,12154000
2021-08-19,28279.649999999998,28935.41,28279.649999999998,28525.559999999998,7994000
2021-08-20,28156.695,28607.53,26558.28,26640.25,22874200
2021-08-23,26435.325,27459.95,25902.52,26599.265,13341300
2021-08-24,27050.1,27214.04,25000.85,25082.82,13581300
2021-08-25,25246.76,26804.19,25082.82,26804.19,9676500
2021-08-26,27296.01,27459.95,26230.399999999998,26681.235,8716500
2021-08-27,26230.399999999998,28279.649999999998,26148.43,27623.89,17419500
2021-08-30,27705.86,28197.68,27296.01,27623.89,11127900
2021-08-31,27705.86,29181.32,27459.95,28607.53,18841000
2021-09-01,28525.559999999998,29509.2,28361.62,29222.305,8905000
2021-09-06,29468.215,29714.125,28566.545,28607.53,12458200
2021-09-07,28279.649999999998,28443.59,27050.1,27296.01,18877300
2021-09-08,27091.085,27910.785,27091.085,27541.92,6705600
2021-09-09,27869.8,28115.71,27459.95,27951.77,4133100
2021-09-10,28115.71,28115.71,27541.92,27623.89,6236900
2021-09-13,27664.875,27869.8,26517.295,26681.235,13771600
2021-09-14,26476.309999999998,27009.114999999998,25492.67,26025.475,11020500
2021-09-15,25984.489999999998,27050.1,25820.55,26558.28,4802900
2021-09-16,26927.145,27214.04,26599.265,27132.07,5163400
2021-09-17,27541.92,28115.71,27296.01,27910.785,9864000
2021-09-20,27418.965,27787.829999999998,26230.399999999998,26230.399999999998,11818300
2021-09-21,25492.67,26886.16,25082.82,26312.37,11863300
2021-09-22,26476.309999999998,26804.19,26066.46,26394.34,4831000
2021-09-23,26640.25,27173.055,26066.46,26066.46,5532200
2021-09-24,26066.46,26353.355,25902.52,25902.52,4210900
2021-09-27,25861.535,26148.43,24099.18,24099.18,10003500
2021-09-28,23771.3,25410.7,23607.36,25410.7,8840600
2021-09-29,25246.76,25984.489999999998,24918.88,25410.7,6735500
2021-09-30,25656.61,26230.399999999998,25369.715,25410.7,3555400
2021-10-01,25123.805,25574.64,25000.85,25000.85,4461300
2021-10-04,25000.85,25738.579999999998,24181.149999999998,24631.985,6076600
2021-10-05,25000.85,25738.579999999998,24591.0,25492.67,4583300
2021-10-06,26148.43,27255.024999999998,25820.55,27255.024999999998,12520700
2021-10-07,27459.95,27951.77,27255.024999999998,27255.024999999998,6183600
2021-10-08,27705.86,28279.649999999998,27377.98,27541.92,7017700
2021-10-11,27869.8,28197.68,27459.95,27541.92,7767400
2021-10-12,27746.845,28853.44,27500.934999999998,28525.559999999998,11015900
2021-10-13,28853.44,29263.29,28607.53,29017.38,7369900
2021-10-14,29345.26,30738.75,29263.29,30656.78,13356200
2021-10-15,30902.69,31312.54,30082.989999999998,30656.78,9412500
2021-10-18,30779.735,31476.48,30779.735,31271.555,8939900
2021-10-19,31189.585,31271.555,30574.809999999998,30615.795,8316400
2021-10-20,30533.825,32214.21,30533.825,31435.495,9870500
2021-10-21,31886.329999999998,32788.0,31599.434999999998,32706.03,7651500
2021-10-22,33197.85,34960.205,32828.985,34919.22,10895300
2021-10-25,35247.1,35943.845,33771.64,33771.64,9600700
2021-10-26,33771.64,35615.965,33115.88,35493.01,12336200
2021-10-27,36353.695,37952.11,36066.8,37870.14,8079900
2021-10-28,38525.9,40165.299999999996,38361.96,40165.299999999996,6773800
2021-10-29,40903.03,42460.46,40575.15,41722.729999999996,10850400
2021-11-01,41722.729999999996,44591.68,40821.06,44591.68,11113000
2021-11-02,46722.9,47706.54,46722.9,47706.54,4217600
2021-11-03,50985.34,50985.34,44427.74,44427.74,22938300
2021-11-04,44263.799999999996,47132.75,42050.61,45985.17,15810500
2021-11-05,47542.6,48198.36,45493.35,45575.32,6322900
2021-11-08,45575.32,46722.9,44755.62,45575.32,7357400
2021-11-09,45165.47,47952.45,44837.59,47542.6,8542000
2021-11-10,49182.0,50821.4,48362.299999999996,50821.4,6260900
2021-11-11,53116.56,54346.11,51231.25,54346.11,8510700
2021-11-12,55001.869999999995,58116.729999999996,54510.049999999996,58116.729999999996,6613800
2021-11-15,58854.46,61887.35,54100.2,55739.6,12342900
2021-11-16,54264.14,57215.06,53526.409999999996,54919.9,9677300
2021-11-17,54592.02,55739.6,54100.2,55083.84,5045600
2021-11-18,56559.299999999996,58936.43,55821.57,58936.43,5074000
2021-11-19,62297.2,62297.2,55083.84,57379.0,8220000
2021-11-22,57379.0,58526.58,53362.47,53362.47,10200200
2021-11-23,49673.82,53116.56,49673.82,50001.7,13201500
2021-11-24,51723.07,52870.65,50001.7,51723.07,4730800
2021-11-25,52542.77,55329.75,52542.77,55329.75,2718000
2021-11-26,59182.34,59182.34,55739.6,57297.03,8802900
2021-11-29,56559.299999999996,58854.46,55821.57,57460.97,4815600
2021-11-30,57624.909999999996,59018.4,54673.99,56149.45,9366600
2021-12-01,55657.63,55657.63,53444.44,53608.38,6227400
2021-12-02,54919.9,56969.15,53854.29,55985.51,4803100
2021-12-03,56805.21,58526.58,53280.5,53280.5,5574400
2021-12-06,54428.08,55247.78,50657.46,52788.68,5764800
2021-12-07,53854.29,56149.45,51641.1,55739.6,4209800
2021-12-08,55985.51,58608.549999999996,54592.02,55985.51,6444100
2021-12-09,55985.51,57297.03,55985.51,56887.18,3314100
2021-12-10,57379.0,58198.7,55903.54,56149.45,4534600
2021-12-13,56149.45,60002.04,55739.6,60002.04,9044700
2021-12-14,60821.74,63936.6,60821.74,63854.63,5154300
2021-12-15,67215.4,67215.4,65166.15,66805.55,5651900
2021-12-16,67543.28,71477.84,66805.55,71477.84,6229700
2021-12-17,74428.76,76232.09999999999,71313.9,74592.7,8913300
2021-12-20,74592.7,74674.67,69674.5,71313.9,7237000
2021-12-21,70904.05,76232.09999999999,69674.5,76232.09999999999,6335000
2021-12-22,80330.59999999999,81150.3,77953.47,78937.11,4751700
2021-12-23,79019.08,79101.05,73445.12,73445.12,10207800
2021-12-24,71477.84,76396.04,71477.84,73773.0,4147200
2021-12-27,74592.7,78937.11,73363.15,78937.11,4182600
2021-12-28,81724.09,83855.31,79428.93,83199.55,5198300
2021-12-29,84429.09999999999,85658.65,78527.26,79510.9,4962500
2021-12-30,79510.9,81970.0,77871.5,78691.2,3465900
2021-12-31,79510.9,80822.42,77871.5,79264.99,3207500
2022-01-04,81970.0,84756.98,80412.56999999999,84756.98,3536300
2022-01-05,90658.81999999999,90658.81999999999,86888.2,90658.81999999999,5196200
2022-01-06,89511.24,93363.83,88527.59999999999,89757.15,5140200
2022-01-07,91068.67,95986.87,88527.59999999999,95986.87,4244200
2022-01-10,95003.23,102626.44,91806.4,91806.4,6048800
2022-01-11,94265.5,98200.06,92216.25,98200.06,5806500
2022-01-12,97544.3,102462.5,91396.55,91396.55,13756100
2022-01-13,91806.4,95085.2,85002.89,85002.89,6175500
2022-01-14,79101.05,86888.2,79101.05,79183.02,12905300
2022-01-17,81724.09,81888.03,73691.03,73691.03,8371300
2022-01-18,68608.89,68608.89,68608.89,68608.89,700800
2022-01-19,63854.63,63854.63,63854.63,63854.63,680900
2022-01-20,59428.25,68281.01,59428.25,68281.01,13033500
2022-01-21,73035.27,73035.27,68281.01,73035.27,8261400
2022-01-24,73936.94,74592.7,67953.13,67953.13,6567200
2022-01-25,63198.869999999995,70576.17,63198.869999999995,68854.8,7432700
2022-01-26,68936.77,73609.06,68854.8,69674.5,4680400
2022-01-27,69674.5,70494.2,64838.27,64838.27,3013300
2022-01-28,60329.92,63198.869999999995,60329.92,60329.92,9074500
2022-02-07,61067.65,63116.9,56149.45,56149.45,5271400
2022-02-08,52378.83,54018.229999999996,52296.86,52296.86,6680600
2022-02-09,48690.18,55903.54,48690.18,55903.54,10218600
2022-02-10,59756.13,59756.13,58362.64,59756.13,4090600
2022-02-11,58198.7,61395.53,56559.299999999996,56559.299999999996,4926000
2022-02-14,54100.2,60493.86,54100.2,60493.86,6599000
2022-02-15,61313.56,64674.33,60657.799999999996,64674.33,4811200
2022-02-16,67625.25,69182.68,67215.4,69182.68,3266800
2022-02-17,71477.84,72953.3,68854.8,70248.29,7571800
2022-02-18,69674.5,75084.52,68854.8,75002.55,5543100
2022-02-21,77051.8,80002.72,75658.31,77871.5,4792200
2022-02-22,72461.48,75658.31,72461.48,72461.48,12212200
2022-02-23,73773.0,77051.8,72461.48,76232.09999999999,6058000
2022-02-24,75412.4,77051.8,70904.05,71641.78,10818300
2022-02-25,74018.91,75330.43,72215.56999999999,72215.56999999999,4180300
2022-02-28,71313.9,72953.3,68854.8,70494.2,4523200
2022-03-01,70576.17,75412.4,70494.2,75412.4,7356500
2022-03-02,76969.83,78281.34999999999,73773.0,75658.31,4674900
2022-03-03,76232.09999999999,77461.65,75412.4,76559.98,3361900
2022-03-04,77051.8,80822.42,76068.16,78855.14,5264200
2022-03-07,79428.93,79920.75,76232.09999999999,77133.77,4292900
2022-03-08,73936.94,76559.98,71805.72,71805.72,9470200
2022-03-09,72789.36,72953.3,67461.31,72215.56999999999,6316400
2022-03-10,75248.45999999999,76232.09999999999,73936.94,74592.7,3015500
2022-03-11,73363.15,74592.7,70904.05,72133.6,3944800
2022-03-14,70494.2,75412.4,69674.5,73363.15,5620700
2022-03-15,75412.4,75576.34,73773.0,74838.61,3092200
2022-03-16,76068.16,76068.16,74100.88,74100.88,2939600
2022-03-17,74592.7,75822.25,74510.73,75084.52,2982400
2022-03-18,75412.4,79756.81,75002.55,77871.5,8715500
2022-03-21,78691.2,83281.52,78609.23,83281.52,5941800
2022-03-22,86068.5,88609.56999999999,83281.52,84019.25,5213100
2022-03-23,84019.25,87707.9,82789.7,87052.14,4624200
2022-03-24,88527.59999999999,89511.24,85740.62,86232.44,3746100
2022-03-25,86232.44,87298.05,83609.4,83609.4,5003100
2022-03-28,80576.51,81888.03,77789.53,77789.53,15773100
2022-03-29,79510.9,83199.55,79101.05,83199.55,4454900
2022-03-30,82789.7,84429.09999999999,77379.68,77871.5,8157400
2022-03-31,78199.38,79674.84,74592.7,75822.25,4177200
2022-04-01,75822.25,80084.69,74592.7,79838.78,4855800
2022-04-04,81888.03,81970.0,77871.5,77871.5,4270500
2022-04-05,75494.37,79510.9,75494.37,76641.95,6003300
2022-04-06,75412.4,76232.09999999999,71313.9,71313.9,13156200
2022-04-07,70084.35,71313.9,66559.64,68035.1,8675400
2022-04-08,68117.06999999999,69674.5,67215.4,68526.92,4901100
2022-04-12,69592.53,70412.23,63772.659999999996,63772.659999999996,6089800
2022-04-13,64756.299999999996,65166.15,59510.22,65166.15,9730800
2022-04-14,65985.85,66395.7,60821.74,61067.65,6108300
2022-04-15,59510.22,60575.83,56805.21,56805.21,9914000
2022-04-18,55083.84,60002.04,53444.44,60002.04,10012700
2022-04-19,60985.68,61887.35,59018.4,59182.34,6611100
2022-04-20,58198.7,60084.01,56969.15,56969.15,4799400
2022-04-21,53034.59,56559.299999999996,53034.59,53034.59,10454900
2022-04-22,50821.4,54919.9,49345.94,49591.85,8698700
2022-04-25,50821.4,51477.159999999996,46149.11,46149.11,7833700
2022-04-26,42952.28,49345.94,42952.28,49345.94,10288800
2022-04-27,50001.7,52788.68,45985.17,52788.68,10375100
2022-04-28,52870.65,53854.29,50411.549999999996,50657.46,6421200
2022-04-29,50001.7,54100.2,50001.7,53280.5,7752100
2022-05-04,52050.95,53116.56,50001.7,50001.7,7016700
2022-05-05,51149.28,51395.19,46640.93,47624.57,7119400
2022-05-06,45903.2,47132.75,44345.77,44345.77,7020300
2022-05-09,43034.25,43362.13,41312.88,41312.88,8771200
2022-05-10,38607.87,43444.1,38443.93,43444.1,14106500
2022-05-11,45083.5,46476.99,41394.85,46476.99,11641300
2022-05-12,46640.93,47460.63,43280.159999999996,43280.159999999996,9288300
2022-05-13,43034.25,43034.25,40288.255,40288.255,12420600
2022-05-16,42624.4,42788.34,39755.45,39755.45,7130300
2022-05-17,39755.45,42460.46,39345.6,42460.46,6108200
2022-05-18,43690.01,45411.38,43280.159999999996,45411.38,9176500
2022-05-19,43771.979999999996,46067.14,43771.979999999996,45411.38,6854900
2022-05-20,45821.229999999996,48526.24,45411.38,48280.33,8215900
2022-05-23,48526.24,48690.18,44919.56,44919.56,9667200
2022-05-24,43853.95,47542.6,42214.549999999996,47542.6,8674200
2022-05-25,48280.33,50411.549999999996,46968.81,49263.97,7680300
2022-05-26,49182.0,50247.61,48034.42,48362.299999999996,5243400
2022-05-27,48362.299999999996,50821.4,47952.45,49345.94,6944200
2022-05-30,50001.7,51395.19,49427.909999999996,50329.58,4998500
2022-05-31,50001.7,51395.19,48936.09,49509.88,7891700
2022-06-01,49182.0,49591.85,47132.75,47952.45,9351600
2022-06-02,47952.45,49018.06,45493.35,45657.29,8799600
2022-06-03,45329.409999999996,47870.479999999996,44673.65,46886.84,6547600
2022-06-06,47460.63,47460.63,43608.04,43608.04,6583300
2022-06-07,43444.1,43444.1,40821.06,43362.13,8167800
2022-06-08,43853.95,46395.02,43690.01,45083.5,5147800
2022-06-09,45247.44,46313.049999999996,44673.65,44673.65,3018900
2022-06-10,43853.95,44591.68,42624.4,42624.4,5341900
2022-06-13,40903.03,41722.729999999996,39673.479999999996,39673.479999999996,8268800
2022-06-14,38525.9,40575.15,36968.47,36968.47,6744800
2022-06-15,36968.47,38075.065,34386.415,34386.415,11625500
2022-06-16,35247.1,36025.815,32009.285,32009.285,9400600
2022-06-17,30328.899999999998,31148.6,29796.095,29796.095,13824800
2022-06-20,29509.2,30697.765,27746.845,27746.845,9576900
2022-06-21,26230.399999999998,27705.86,25820.55,25820.55,9522800
2022-06-22,26640.25,27623.89,25738.579999999998,27623.89,9381300
2022-06-23,29345.26,29550.184999999998,28361.62,29550.184999999998,7562800
2022-06-24,29960.035,31517.465,28730.485,28730.485,11785600
2022-06-27,28648.515,30287.915,27869.8,29591.17,7919600
2022-06-28,30001.02,31640.42,29509.2,31640.42,7692800
2022-06-29,31148.6,32378.149999999998,30615.795,31148.6,7551500
2022-06-30,31066.63,31271.555,28976.395,29017.38,11006100
2022-07-01,28279.649999999998,30984.66,27050.1,29919.05,10675100
2022-07-04,30574.809999999998,31148.6,29837.079999999998,30001.02,4006100
2022-07-05,29960.035,30328.899999999998,28238.665,28607.53,5039800
2022-07-06,27910.785,30287.915,27910.785,28607.53,7774500
2022-07-07,29099.35,29878.065,28976.395,29468.215,4664100
2022-07-08,30328.899999999998,31517.465,30042.005,31517.465,17592700
2022-07-11,31804.36,33320.805,31148.6,32869.97,11810400
2022-07-12,33402.775,35165.13,33402.775,35165.13,7827700
2022-07-13,35247.1,35615.965,33484.745,34099.52,12115800
2022-07-14,33648.685,35411.04,33648.685,34755.28,7828700
2022-07-15,35615.965,36353.695,34386.415,34386.415,8695400
2022-07-18,34427.4,34878.235,32050.27,32501.105,16873900
2022-07-19,32091.255,34304.445,31558.45,33402.775,9137100
2022-07-20,34263.46,35165.13,33607.7,34427.4,10392600
2022-07-21,36800.0,36850.0,36100.0,36400.0,12848600
2022-07-22,36000.0,36550.0,35600.0,35700.0,6017800
2022-07-25,35000.0,35850.0,34350.0,35200.0,6768300
2022-07-26,35500.0,36000.0,35100.0,35100.0,4550600
2022-07-27,34950.0,36500.0,34500.0,36500.0,5391000
2022-07-28,37650.0,39050.0,37350.0,38950.0,14804200
2022-07-29,39000.0,39100.0,38300.0,38300.0,6789200
2022-08-01,38450.0,40050.0,38450.0,39550.0,6472200
2022-08-02,39950.0,40450.0,38800.0,39600.0,7561800
2022-08-03,38500.0,39600.0,38500.0,39500.0,8645000
2022-08-04,40150.0,40900.0,39500.0,39650.0,6926300
2022-08-05,39500.0,41300.0,39300.0,41050.0,8401900
2022-08-08,41900.0,41900.0,40450.0,40750.0,7035900
2022-08-09,40900.0,41550.0,40350.0,40950.0,5416600
2022-08-10,40850.0,42800.0,40650.0,42100.0,9908200
2022-08-11,42600.0,42700.0,39500.0,40000.0,12624900
2022-08-12,40000.0,40950.0,39600.0,40550.0,6583700
2022-08-15,40650.0,41050.0,40250.0,40700.0,5604000
2022-08-16,40700.0,41500.0,40500.0,41250.0,6431900
2022-08-17,41350.0,42800.0,41100.0,41200.0,11277600
2022-08-18,41000.0,41350.0,40500.0,40800.0,6327400
2022-08-19,40800.0,41500.0,40200.0,40700.0,6441900
2022-08-22,40100.0,40450.0,38000.0,38150.0,14506300
2022-08-23,37550.0,40000.0,37550.0,40000.0,7628500
2022-08-24,40200.0,40450.0,39450.0,39600.0,5231700
2022-08-25,39600.0,40600.0,39400.0,40000.0,6039400
2022-08-26,40200.0,41000.0,39700.0,40100.0,9010000
2022-08-29,39000.0,39800.0,38000.0,39800.0,9304600
2022-08-30,40000.0,40200.0,38000.0,38000.0,7561700
2022-08-31,37200.0,38550.0,37000.0,38000.0,9204300
2022-09-05,38000.0,38500.0,37700.0,37700.0,5268200
2022-09-06,37800.0,38850.0,37650.0,38500.0,6322700
2022-09-07,38350.0,38800.0,36500.0,36500.0,7796900
2022-09-08,37200.0,37300.0,35000.0,35000.0,8796700
2022-09-09,35400.0,37000.0,33000.0,37000.0,12071300
2022-09-12,37000.0,37000.0,36000.0,36000.0,4526900
2022-09-13,36000.0,36000.0,35000.0,35600.0,5019300
2022-09-14,34500.0,36200.0,34500.0,35600.0,8125100
2022-09-15,35750.0,36200.0,35450.0,35450.0,3726300
2022-09-16,35200.0,35300.0,33650.0,33700.0,8242600
2022-09-19,33800.0,34000.0,31500.0,33000.0,11066200
2022-09-20,33000.0,33500.0,32100.0,33050.0,5185300
2022-09-21,32600.0,33700.0,32400.0,32900.0,3782600
2022-09-22,32500.0,33450.0,32500.0,33150.0,4581400
2022-09-23,33000.0,33400.0,32150.0,32150.0,4695100
2022-09-26,31000.0,31900.0,29900.0,31900.0,18104400
2022-09-27,31500.0,31900.0,30000.0,30900.0,4925200
2022-09-28,30000.0,31350.0,29650.0,30800.0,7593900
2022-09-29,31200.0,31500.0,29900.0,30000.0,5295800
2022-09-30,29500.0,29700.0,27900.0,29700.0,13026800
2022-10-03,28550.0,29300.0,27650.0,27650.0,6420800
2022-10-04,27500.0,28000.0,25800.0,26950.0,13431400
2022-10-05,27400.0,28700.0,27100.0,28500.0,9020000
2022-10-06,28500.0,28550.0,26700.0,27300.0,8611500
2022-10-07,25800.0,26650.0,25400.0,26650.0,16525700
2022-10-10,24900.0,26550.0,24850.0,26500.0,9234100
2022-10-11,25800.0,26300.0,24650.0,24650.0,8799700
2022-10-12,23000.0,25500.0,22950.0,24700.0,12537500
2022-10-13,25000.0,25950.0,24800.0,25300.0,5794700
2022-10-14,25850.0,26300.0,25500.0,25550.0,6051100
2022-10-17,25000.0,25000.0,23800.0,24500.0,8402200
2022-10-18,25000.0,26200.0,24700.0,26200.0,11719300
2022-10-19,26500.0,26700.0,26100.0,26100.0,5436800
2022-10-20,25900.0,26250.0,25250.0,25300.0,5160700
2022-10-21,25300.0,25300.0,23550.0,23550.0,10090200
2022-10-24,23300.0,23500.0,21950.0,21950.0,4999500
2022-10-25,20450.0,22450.0,20450.0,20450.0,14021100
2022-10-26,19600.0,20400.0,19050.0,19050.0,7705800
2022-10-27,17750.0,20150.0,17750.0,19800.0,27040700
2022-10-28,20400.0,21000.0,19000.0,19000.0,10866100
2022-10-31,18500.0,18700.0,17700.0,17700.0,19026400
2022-11-01,18000.0,18900.0,17900.0,18900.0,17193100
2022-11-02,19000.0,19650.0,18600.0,18600.0,10306100
2022-11-03,17550.0,18800.0,17550.0,17800.0,12256200
2022-11-04,17700.0,17750.0,16600.0,16600.0,13199900
2022-11-07,15450.0,15450.0,15450.0,15450.0,2477300
2022-11-08,14400.0,14400.0,14400.0,14400.0,1242400
2022-11-09,13400.0,15150.0,13400.0,13400.0,57331500
2022-11-10,12500.0,13050.0,12500.0,12500.0,13218900
2022-11-11,12000.0,12750.0,11650.0,11650.0,19507200
2022-11-14,10850.0,11050.0,10850.0,10850.0,20547800
2022-11-15,10100.0,10100.0,10100.0,10100.0,1082300
2022-11-16,9400.0,10800.0,9400.0,10800.0,51935000
2022-11-17,10950.0,11550.0,10950.0,11150.0,16815800
2022-11-18,11200.0,11900.0,10500.0,11900.0,29358100
2022-11-21,12700.0,12700.0,12450.0,12700.0,29409600
2022-11-22,13350.0,13550.0,12200.0,13000.0,36518100
2022-11-23,12700.0,13100.0,12100.0,12100.0,18978100
2022-11-24,11400.0,12450.0,11300.0,12150.0,28696900
2022-11-25,12600.0,13000.0,12300.0,13000.0,20627600
